"Corynanthean-type alkaloids"	"Ergopeptines"	"Cytisine and derivatives"	"Benzenoids"	"Anthracenes"	"Anthraquinones"	"Benzene and substituted derivatives"	"Anilides"	"Aromatic anilides"	"Benzenesulfonamides"	"Aminobenzenesulfonamides"	"Benzenesulfonic acids and derivatives"	"Benzenesulfonyl compounds"	"Benzoic acids and derivatives"	"Acylaminobenzoic acid and derivatives"	"Benzamides"	"Benzoic acid esters"	"Benzoic acids"	"Hydroxybenzoic acid derivatives"	"Methoxybenzoic acids and derivatives"	"Benzoyl derivatives"	"Benzyl alcohols"	"Biphenyls and derivatives"	"Chlorobenzenes"	"Fluorobenzenes"	"N-phenylureas"	"Nitrobenzenes"	"Phenoxy compounds"	"Trifluoromethylbenzenes"	"Naphthalenes"	"Naphthalene sulfonamides"	"Naphthols and derivatives"	"Phenol ethers"	"Anisoles"	"Phenols"	"1-hydroxy-2-unsubstituted benzenoids"	"Benzenediols"	"Catechols"	"Phloroglucinols and derivatives"	"Pyrogallols and derivatives"	"Iodophenols"	"Lignans, neolignans and related compounds"	"Furofuran lignans"	"Tetrahydrofuran lignans"	"Lignan glycosides"	"Lignan lactones"	"Lipids and lipid-like molecules"	"Fatty Acyls"	"Leukotrienes"	"Prostaglandins and related compounds"	"Acyl carnitines"	"Fatty acids and conjugates"	"Branched fatty acids"	"Long-chain fatty acids"	"Thia fatty acids"	"Fatty acyl glycosides"	"Alkyl glycosides"	"Fatty acyl glycosides of mono- and disaccharides"	"Sophorolipids"	"Fatty alcohols"	"N-acyl amines"	"Lineolic acids and derivatives"	"Monoacylglycerophosphates"	"Lysophosphatidylglycerols"	"Lysophosphatidylinositols"	"Phosphatidylinositols"	"Prenol lipids"	"Diterpenoids"	"Trichothecenes"	"Terpene glycosides"	"Diterpene glycosides"	"Iridoid O-glycosides"	"Triterpenoids"	"Limonoids"	"Saccharolipids"	"Steroids and steroid derivatives"	"Hydroxy bile acids, alcohols and derivatives"	"Taurinated bile acids and derivatives"	"3-hydroxysteroids"	"Gluco/mineralocorticoids, progestogins and derivatives"	"Steroid esters"	"Steroid lactones"	"Cardenolides and derivatives"	"Steroidal glycosides"	"Steroidal saponins"	"5-5-dinucleotides"	"5-deoxy-5-thionucleosides"	"Purine nucleosides"	"Purine nucleotides"	"3,5-cyclic purine nucleotides"	"Purine nucleotide sugars"	"Purine ribonucleoside diphosphates"	"Purine ribonucleoside monophosphates"	"Pyrimidine nucleosides"	"Pyrimidine nucleotides"	"Pyrimidine deoxyribonucleotides"	"Pyrimidine ribonucleotides"	"C-nitro compounds"	"Carboxylic acids and derivatives"	"Amino acids, peptides, and analogues"	"Amino acids and derivatives"	"Peptides"	"Carboxylic acid amides"	"Carboxylic acids"	"Dicarboxylic acids and derivatives"	"Tricarboxylic acids and derivatives"	"Beta hydroxy acids and derivatives"	"Medium-chain hydroxy acids and derivatives"	"Medium-chain keto acids and derivatives"	"Organic phosphonic acids"	"Organic phosphoramides"	"Alkyl phosphates"	"Organosulfonic acids and derivatives"	"Arylsulfonic acids and derivatives"	"Organosulfonamides"	"Sulfuric acid monoesters"	"Cyclic depsipeptides"	"Hybrid peptides"	"Amines"	"Aralkylamines"	"Tertiary amines"	"Tetraalkylammonium salts"	"Cyclic alcohols and derivatives"	"Secondary alcohols"	"Aminosaccharides"	"Disaccharides"	"Glycosyl compounds"	"Monosaccharides"	"Oligosaccharides"	"Sugar acids and derivatives"	"Ketones"	"Acetals"	"Alkyl aryl ethers"	"Diarylethers"	"Aryl chlorides"	"Azaphilones"	"Phenyl-1,3-oxazoles"	"Phenylpyrazoles"	"Benzimidazoles"	"Benzodiazepines"	"Benzodioxoles"	"Benzopyrans"	"1-benzopyrans"	"2,2-dimethyl-1-benzopyrans"	"Chromones"	"Phenothiazines"	"1-benzothiophenes"	"Biotin and derivatives"	"Quinoxalines"	"N-alkylpiperazines"	"N-arylpiperazines"	"Aminopyrimidines and derivatives"	"Phenylpyrimidines"	"Pyridinylpyrimidines"	"Pyrimidones"	"Thiamines"	"Dioxepanes"	"Lipoamides"	"Imidazopyrimidines"	"Purines and purine derivatives"	"6-aminopurines"	"Purinones"	"Xanthines"	"Indoles"	"3-alkylindoles"	"N-alkylindoles"	"Beta carbolines"	"Isoindolones"	"Isoquinolines and derivatives"	"Naphthopyrans"	"Oxanes"	"Oxepanes"	"Pteridines and derivatives"	"Alloxazines and isoalloxazines"	"Pyridinones"	"Pyridinecarboxylic acids and derivatives"	"Pyridinecarboxylic acids"	"Phenylpyrroles"	"Quinolines and derivatives"	"4-aminoquinolines"	"Quinoline carboxylic acids"	"Tetrahydroisoquinolines"	"Tetrapyrroles and derivatives"	"Thienopyrimidines"	"Aryl thioethers"	"Alkylarylthioethers"	"Diarylthioethers"	"2-arylbenzofuran flavonoids"	"Anthracyclines"	"Cinnamic acids and derivatives"	"Cinnamic acid esters"	"Coumaric acids and derivatives"	"Hydroxycinnamic acid esters"	"Coumarins and derivatives"	"Coumarin glycosides"	"Hydroxycoumarins"	"Depsides and depsidones"	"Diarylheptanoids"	"Linear diarylheptanoids"	"Flavonoids"	"Biflavonoids and polyflavonoids"	"Flavan-3-ols"	"Flavones"	"Flavonoid glycosides"	"Flavonoid C-glycosides"	"Flavonoid O-glycosides"	"3-hydroxyflavonoids"	"4-hydroxyflavonoids"	"5-hydroxyflavonoids"	"Isoflavonoid O-glycosides"	"Retrochalcones"	"Macrolactams"	"Hydrolyzable tannins"	"Tetracyclines"
"neg_DANCE_RDvsIR_2021_EM_Cenmel_Int1_GD5_1_12060"	6	1	0	6	1	1	13	1	3	11	4	3	5	6	1	0	1	0	4	1	5	1	1	3	4	2	4	1	4	8	1	4	10	5	2	6	1	0	1	0	0	10	1	1	11	0	4	2	0	1	0	1	1	2	0	0	1	3	1	0	1	3	2	1	1	0	1	4	1	33	1	4	5	11	2	0	3	0	1	1	2	0	7	0	0	2	3	5	7	1	0	2	0	0	1	0	0	3	2	0	282	66	1	1	1	10	2	1	1	1	1	1	0	1	1	3	1	0	0	2	5	2	13	1	10	8	59	10	2	5	4	0	1	6	1	3	2	1	4	1	1	0	4	0	2	5	1	2	1	1	3	0	0	0	5	2	0	0	0	3	1	2	5	4	3	0	7	2	2	8	0	6	2	0	1	2	1	3	2	1	1	1	0	3	0	0	0	3	0	0	0	10	5	0	2	1	0	2	1	0	1	1	2	7	1	44	1	2	0	5	2	1	1	0
"neg_DANCE_RDvsIR_2021_EM_Cenmel_Int2_GA4_1_12029"	4	1	1	6	1	1	16	0	3	14	5	2	5	6	1	0	1	0	3	1	6	0	2	2	4	1	7	1	5	8	0	3	9	5	2	6	3	1	1	0	0	7	3	1	9	1	4	2	0	0	0	1	1	2	0	0	1	3	2	0	2	3	1	1	1	0	0	3	1	42	1	5	5	10	1	0	2	1	1	1	2	1	4	1	0	2	3	5	6	1	0	2	0	0	1	0	0	3	2	0	281	71	1	1	1	7	2	1	1	1	1	1	0	1	1	2	1	0	1	3	5	4	14	1	11	10	50	10	3	5	4	0	0	5	1	2	3	1	4	0	0	0	4	0	3	5	1	4	1	1	3	1	0	0	4	2	0	0	0	2	2	2	8	5	4	0	6	2	2	9	0	5	1	0	1	1	1	2	2	1	1	1	0	5	1	0	0	3	0	0	0	12	5	0	4	1	0	2	3	0	1	1	1	3	3	46	1	3	0	5	2	1	0	0
"neg_DANCE_RDvsIR_2021_EM_Cenmel_Int3_BB5_1_11989"	5	1	0	4	2	1	16	1	3	13	4	2	5	6	1	0	1	0	4	1	5	1	1	1	7	2	6	1	4	9	0	4	9	5	2	6	2	1	1	0	0	11	3	1	13	0	3	2	1	1	0	1	1	2	0	1	1	2	3	0	1	4	1	1	1	0	0	4	1	32	1	5	5	9	2	1	3	1	0	0	2	0	5	1	0	4	2	6	6	0	0	2	0	0	1	1	0	3	2	0	264	64	1	1	2	10	2	0	1	0	1	1	0	3	1	4	2	1	1	2	4	3	12	1	14	12	46	9	3	3	2	0	0	6	1	3	3	1	4	0	1	0	3	0	3	4	1	3	1	1	3	1	0	0	3	2	0	0	0	2	1	2	6	4	5	0	6	2	2	8	0	6	1	0	0	2	1	0	2	2	1	1	0	4	0	0	0	2	1	0	0	8	5	0	4	1	0	2	1	0	2	2	2	6	2	45	1	1	0	4	2	1	0	0
"neg_DANCE_RDvsIR_2021_EM_Cenmel_Rd1_RB4_1_11936"	5	1	1	6	2	1	15	1	3	10	4	4	2	5	1	0	1	0	4	1	5	1	0	1	7	1	6	1	3	8	0	3	11	3	2	6	1	0	1	0	0	8	3	0	9	1	4	2	0	0	0	1	1	2	0	0	1	3	1	0	1	3	1	0	1	1	0	1	2	36	1	3	4	10	0	1	3	1	0	1	2	0	6	1	0	3	3	4	6	1	0	1	0	0	1	1	0	2	3	0	255	57	1	1	1	8	2	1	1	0	1	1	0	2	1	3	1	0	1	2	6	3	12	0	12	8	42	7	2	3	3	0	0	6	0	2	2	1	4	1	1	0	2	0	1	5	0	4	1	2	3	1	0	0	4	2	0	0	0	3	2	2	6	3	3	0	5	3	1	8	1	8	1	0	1	2	1	2	1	1	1	1	0	3	0	0	0	3	1	0	0	9	4	0	3	0	0	2	2	0	2	0	0	7	0	34	1	1	0	5	2	1	0	1
"neg_DANCE_RDvsIR_2021_EM_Censet_Int1_RC3_1_11943"	1	0	1	3	0	1	13	1	1	8	0	4	2	4	0	0	1	0	1	2	2	0	0	2	7	1	6	0	2	4	0	2	3	3	0	6	1	1	0	1	0	3	0	0	8	0	1	2	0	0	0	0	0	2	0	0	0	1	1	0	0	1	1	0	0	1	0	1	0	19	0	2	1	5	0	0	0	0	0	1	0	0	0	0	0	1	0	7	3	1	0	0	1	0	0	0	0	1	0	0	140	25	0	0	1	4	1	0	1	0	1	1	0	2	1	0	0	0	0	0	4	1	5	0	4	13	39	5	1	2	1	0	2	3	1	1	0	1	0	0	2	0	2	0	0	0	1	1	0	0	1	0	0	1	4	1	0	0	0	1	0	0	6	2	3	0	4	1	1	1	0	0	1	0	0	0	0	1	0	1	0	1	0	1	0	1	0	0	0	1	0	1	1	0	0	0	0	0	0	0	2	1	0	3	4	33	2	1	1	3	0	0	0	0
"neg_DANCE_RDvsIR_2021_EM_Censet_Int2_RC6_1_11949"	1	0	1	3	0	1	8	1	2	9	0	3	4	3	0	0	1	0	1	2	1	0	0	2	4	2	6	0	2	4	1	2	2	2	0	4	1	1	0	1	0	5	1	0	7	0	1	1	0	1	0	0	1	2	0	0	0	1	1	0	0	2	1	0	0	1	0	1	0	23	0	2	2	4	0	0	0	0	0	1	0	0	0	0	0	1	0	6	3	0	1	0	1	0	0	0	0	1	0	0	149	32	0	0	1	4	1	0	1	1	1	1	0	2	1	0	0	0	0	1	5	1	5	0	4	12	39	6	2	2	1	0	2	4	2	1	0	1	0	0	3	0	2	0	1	1	1	1	0	0	2	0	0	1	3	2	0	0	0	0	0	0	4	2	2	0	4	1	1	2	0	0	1	0	0	0	0	0	0	1	0	1	0	1	0	1	0	0	0	1	0	0	3	0	0	0	0	0	0	0	1	0	0	2	4	35	2	1	2	2	0	0	0	0
"neg_DANCE_RDvsIR_2021_EM_Censet_Int3_GE2_1_12068"	1	0	1	1	1	0	10	1	3	12	0	3	4	3	0	0	1	0	0	2	1	0	0	2	6	2	6	0	2	2	1	3	1	2	0	5	1	1	0	1	0	3	1	0	8	1	2	1	0	1	0	0	1	2	0	0	0	1	1	0	0	1	1	0	0	1	0	1	0	20	0	4	1	5	1	0	1	0	0	1	0	0	0	0	0	1	0	7	2	0	1	0	1	0	0	0	0	3	0	0	172	24	0	0	1	4	1	0	1	0	1	1	0	2	1	0	0	0	0	2	3	0	7	0	5	11	41	6	2	2	1	0	3	4	2	1	0	1	0	0	3	0	1	0	2	1	1	2	0	0	2	0	0	1	2	2	0	0	0	0	0	0	4	2	2	0	2	1	0	3	0	0	2	0	0	1	0	1	0	1	0	1	0	1	0	1	0	1	0	1	0	1	4	0	0	0	0	1	1	1	1	3	0	2	4	40	2	1	2	3	0	0	0	2
"neg_DANCE_RDvsIR_2021_EM_Censet_Rd1_GA8_1_12033"	1	0	1	2	0	1	9	1	3	6	0	2	4	4	0	1	1	0	0	2	2	0	0	1	5	2	5	0	4	4	0	3	0	2	0	3	1	1	0	1	0	4	0	0	7	0	0	1	0	0	0	0	1	2	0	0	0	2	1	0	0	3	1	0	0	0	0	1	0	17	0	2	2	3	0	0	0	0	0	0	0	0	0	0	0	1	0	6	2	1	0	0	1	0	0	0	0	1	0	0	159	22	0	0	0	5	1	0	1	0	1	1	0	2	1	0	0	0	0	0	4	0	4	0	4	9	33	6	1	2	1	0	1	1	2	1	0	1	0	0	2	0	2	0	2	1	1	1	0	0	2	0	0	1	3	1	0	0	0	1	0	0	3	1	1	0	3	1	1	1	0	0	2	0	0	0	0	1	0	0	0	1	0	2	0	1	0	0	0	1	0	0	3	0	0	0	0	0	1	1	1	1	0	3	4	27	0	1	2	2	0	0	0	0
"neg_DANCE_RDvsIR_2021_EM_Esccal_Int1_RB2_1_11931"	3	0	0	3	0	0	11	1	0	5	1	3	3	2	0	1	1	0	1	0	4	0	1	3	6	2	6	0	8	3	2	1	2	1	0	6	4	1	0	0	0	7	2	0	4	1	0	2	0	1	0	0	1	1	0	2	1	2	1	1	2	2	1	0	1	0	0	1	0	15	0	0	1	6	1	2	0	0	0	0	0	0	0	0	0	2	2	3	1	2	0	0	0	0	1	0	0	2	1	0	144	20	2	0	1	4	1	1	1	1	1	1	0	1	0	2	0	0	0	2	3	0	6	0	8	6	25	7	1	1	1	1	3	0	1	2	3	1	2	0	4	0	6	0	2	0	1	1	0	0	1	0	0	0	2	1	0	3	0	3	2	0	4	3	1	0	3	1	0	1	0	0	1	0	0	0	0	0	0	0	0	1	0	2	0	0	0	0	0	0	0	3	3	0	1	0	0	0	1	0	0	2	0	3	1	36	0	0	0	2	0	0	0	1
"neg_DANCE_RDvsIR_2021_EM_Esccal_Int2_RD4_1_11955"	2	0	0	3	1	0	12	1	0	7	1	5	5	5	0	1	1	0	1	1	3	0	1	2	8	2	9	0	6	3	1	2	1	2	0	3	3	1	0	0	0	9	1	0	4	1	1	3	0	0	0	0	1	1	0	2	2	1	1	0	0	1	1	0	0	0	0	0	0	11	0	0	2	6	1	1	0	0	0	1	0	0	0	0	0	2	1	2	4	1	0	0	0	0	0	0	0	4	0	0	153	25	3	0	0	4	1	0	1	1	1	0	0	1	0	1	0	0	0	2	3	0	7	0	4	7	32	6	2	1	0	0	3	0	1	0	2	1	1	0	3	0	5	0	2	0	0	1	0	0	1	0	0	0	2	2	0	3	1	2	1	1	1	5	2	0	6	2	0	3	0	0	1	0	1	2	0	1	0	0	2	0	0	1	0	1	0	2	0	0	0	3	1	1	1	1	0	0	1	0	0	2	0	6	0	37	0	0	1	2	0	0	0	2
"neg_DANCE_RDvsIR_2021_EM_Esccal_Int3_RC4_1_11944"	1	0	0	5	0	1	14	1	0	7	0	6	5	4	0	1	1	0	0	0	2	0	1	3	8	2	7	0	5	1	1	1	0	2	0	6	3	1	0	0	0	6	1	0	5	1	3	3	0	0	0	0	1	1	0	2	1	2	1	0	0	1	1	0	0	0	0	0	0	10	0	0	2	7	0	0	0	0	0	1	0	0	0	0	0	3	1	2	3	1	0	0	0	0	0	0	0	3	0	0	130	23	2	0	0	3	1	1	1	0	1	0	0	1	0	2	0	0	0	2	3	0	6	0	7	7	25	5	2	1	0	0	4	0	1	0	0	1	1	0	2	0	5	0	2	0	0	0	0	0	1	0	0	0	2	3	1	3	2	2	1	1	2	5	1	0	5	4	1	3	0	0	1	1	1	1	0	1	0	0	1	0	0	1	0	1	0	1	0	0	0	3	1	0	0	0	0	0	1	0	0	2	0	8	0	39	0	1	0	1	0	0	0	1
"neg_DANCE_RDvsIR_2021_EM_Esccal_Int4_BC2_1_11994"	2	0	0	4	1	0	11	1	1	7	1	5	4	3	0	1	1	0	0	0	3	0	1	3	6	1	9	0	8	1	1	1	1	1	0	4	3	1	0	0	0	8	1	0	5	1	2	2	0	0	0	0	1	1	0	1	1	1	1	0	0	2	2	0	1	0	0	1	0	15	0	0	2	5	0	2	0	0	0	1	0	0	0	0	0	3	2	3	3	1	0	0	0	0	1	0	0	3	0	0	169	28	2	0	0	4	1	1	1	1	1	0	0	2	0	2	0	0	0	2	4	0	6	0	6	7	29	3	2	1	1	0	4	0	1	1	4	1	1	0	3	0	5	0	2	0	1	2	0	0	2	0	0	0	2	2	1	3	2	2	2	1	2	5	1	0	4	2	1	3	0	0	1	0	0	2	0	1	0	0	1	0	0	2	1	1	0	1	0	1	0	4	2	1	0	0	0	0	1	0	2	2	0	7	1	37	1	1	1	1	0	0	0	2
"neg_DANCE_RDvsIR_2021_EM_Esccal_Int5_RA7_1_11928"	2	0	0	3	1	0	9	1	0	5	1	3	2	2	0	1	2	0	0	0	3	0	1	3	8	1	5	0	5	0	1	1	1	1	0	2	2	1	0	0	0	8	2	0	5	1	3	3	0	0	0	0	1	1	1	2	0	2	1	0	0	2	0	0	1	0	0	0	0	13	0	0	2	4	1	1	0	0	0	1	0	0	0	0	0	3	1	3	2	1	0	0	0	0	0	0	0	2	0	0	144	25	2	1	0	3	1	0	1	0	0	0	0	1	0	1	0	0	0	2	4	0	4	0	5	5	28	7	1	1	0	1	4	0	1	1	0	1	1	0	4	0	5	0	1	0	1	0	0	0	1	0	0	0	1	2	0	3	2	2	2	0	3	5	2	0	2	3	1	3	1	0	1	1	0	1	0	1	0	0	1	0	0	2	0	1	0	1	0	0	0	2	1	0	1	1	0	0	1	0	1	1	0	5	1	32	0	1	0	2	1	0	0	1
"neg_DANCE_RDvsIR_2021_EM_Esccal_Int6_GB1_1_12034"	4	0	0	4	1	0	12	1	0	8	1	4	2	3	0	1	1	0	0	0	3	0	1	3	8	2	5	0	7	2	2	2	1	3	0	4	4	1	0	0	0	7	1	0	5	0	1	3	0	0	0	0	1	2	1	1	1	1	1	0	2	2	1	0	1	0	0	0	0	16	0	1	2	7	0	2	0	0	0	1	0	0	0	0	0	2	1	2	3	2	0	0	0	0	1	0	0	3	1	0	169	30	1	0	0	3	1	1	1	0	1	0	0	1	0	1	0	0	0	1	2	0	7	0	6	10	32	7	2	1	1	1	5	0	1	1	3	1	2	0	2	0	4	0	2	0	1	2	0	0	1	1	0	0	2	2	0	3	0	3	2	1	4	4	2	0	5	1	0	2	0	0	1	0	1	2	1	0	0	0	1	0	0	2	0	1	0	1	0	1	0	5	2	1	1	0	0	0	1	0	1	2	0	7	1	41	1	0	1	2	1	0	0	1
"neg_DANCE_RDvsIR_2021_EM_Esccal_Rd1_GA5_1_12030"	3	0	0	4	1	0	13	1	0	9	1	5	2	4	0	1	0	0	0	0	2	0	0	4	9	2	7	0	8	2	2	3	2	3	0	5	2	0	0	0	1	6	2	0	6	1	2	3	0	1	0	0	1	2	1	1	0	3	1	1	1	3	2	0	1	0	0	1	0	13	0	0	1	7	1	2	0	0	0	1	0	0	0	0	0	2	1	1	2	1	0	0	1	0	1	0	0	3	0	0	180	26	1	0	1	4	1	1	0	0	1	0	0	3	0	2	0	0	0	3	3	0	5	0	8	8	32	7	4	1	1	1	5	0	1	1	4	1	1	0	4	0	7	0	1	0	1	1	0	0	3	0	0	0	2	3	0	3	1	3	2	1	5	5	1	0	5	2	1	2	0	0	2	0	1	2	0	2	0	0	1	1	0	2	0	1	0	0	0	0	0	1	3	1	1	0	0	0	1	0	2	2	0	7	0	41	0	2	0	2	1	0	0	2
"neg_DANCE_RDvsIR_2021_EM_Esccal_Rd2_BD6_1_12009"	3	0	0	4	2	0	13	0	0	4	1	6	5	1	0	1	1	0	0	0	3	0	1	3	7	1	7	0	6	1	1	3	3	2	0	3	3	0	0	0	1	8	1	0	3	1	2	3	0	0	0	0	1	1	0	2	1	1	1	0	0	3	2	0	0	0	0	1	0	14	0	0	1	7	0	1	0	0	0	1	0	0	0	0	0	3	2	4	1	1	0	0	0	0	1	0	0	4	0	0	166	31	2	0	0	4	1	1	1	1	1	0	0	2	0	1	0	0	0	2	3	0	4	0	7	6	35	7	4	1	0	1	2	1	1	1	5	1	1	0	3	0	4	0	2	0	1	2	0	0	2	0	0	0	1	2	1	2	0	2	1	1	1	4	1	0	6	2	0	3	0	0	1	0	1	1	1	0	0	0	0	0	0	1	1	1	0	2	0	1	0	2	2	0	0	0	0	0	1	0	1	2	0	6	0	39	0	1	1	2	1	0	0	1
"neg_DANCE_RDvsIR_2021_EM_Esccal_Rd3_GA3_1_12028"	4	0	0	4	1	0	12	1	0	7	1	5	3	3	0	1	1	0	0	0	3	0	1	4	8	3	7	0	8	1	2	2	3	1	0	7	3	0	0	0	1	10	1	0	6	1	2	3	0	1	0	0	1	1	1	2	1	2	0	0	2	3	2	0	1	0	0	0	0	13	0	0	2	7	1	1	0	0	0	1	0	0	0	0	0	2	1	4	2	1	0	0	0	0	1	0	1	2	1	0	183	31	1	0	1	4	1	1	1	1	1	0	0	1	0	1	0	1	0	2	2	0	5	0	8	9	33	10	3	1	0	0	5	1	1	1	3	1	1	0	4	0	7	0	3	0	1	2	0	0	1	0	0	0	3	2	0	3	2	2	1	1	3	4	2	0	5	3	1	2	0	0	1	0	1	2	0	0	0	0	1	0	0	1	0	1	0	1	0	1	0	4	2	0	2	1	0	0	1	0	1	2	0	7	1	38	0	1	1	2	1	0	0	1
"neg_DANCE_RDvsIR_2021_EM_Esccal_Rd4_RB6_1_11938"	4	0	0	4	0	0	10	0	0	5	1	4	3	2	0	1	1	0	1	0	4	0	1	5	8	3	5	0	6	2	1	2	3	1	1	5	3	1	0	0	0	7	2	0	5	0	2	2	0	0	0	0	1	1	0	2	1	3	1	0	1	2	2	0	1	0	0	1	0	14	0	0	1	8	0	2	0	0	0	1	0	0	0	0	0	2	0	2	2	1	0	0	0	0	1	0	0	3	0	0	166	29	2	0	0	4	1	1	1	0	1	0	0	2	1	2	0	0	0	3	4	0	5	0	8	11	31	8	3	1	1	0	5	1	1	2	5	1	1	0	3	0	7	0	2	0	1	2	0	0	1	0	0	0	3	2	1	3	2	2	2	1	5	5	1	0	5	3	1	2	0	0	2	0	0	2	0	1	0	0	0	0	0	1	0	1	0	1	0	1	0	4	3	1	2	0	0	0	1	0	2	1	0	6	1	40	0	0	0	2	1	0	0	0
"neg_DANCE_RDvsIR_2021_EM_Esccal_Rd5_BC3_1_11995"	2	0	0	3	1	0	8	1	0	8	2	3	4	2	0	0	1	0	0	1	3	0	0	6	9	1	7	0	7	1	2	2	2	1	0	4	3	0	0	0	0	10	2	0	6	1	3	4	1	1	0	0	1	2	1	1	1	3	1	0	2	3	2	0	1	0	0	1	0	13	0	0	1	6	1	1	0	0	0	1	0	0	0	0	0	2	2	3	3	1	0	0	0	0	1	0	0	1	0	0	183	29	2	0	0	3	0	1	1	1	1	0	0	2	1	0	0	0	0	3	3	0	4	0	7	8	35	5	2	1	2	1	4	0	1	1	6	1	1	0	5	0	7	0	2	0	1	1	0	1	0	0	0	0	2	3	0	3	1	4	1	1	4	6	1	0	4	2	0	3	1	0	1	1	0	2	0	0	0	0	1	2	0	2	0	1	0	0	0	1	0	4	3	1	1	0	0	0	1	0	0	2	0	8	1	37	0	1	0	3	1	0	0	1
"neg_DANCE_RDvsIR_2021_EM_Hedrha_Int1_BE1_1_12015"	3	1	0	3	1	0	7	1	2	10	1	1	5	4	0	0	2	0	0	0	5	0	0	2	5	2	4	0	1	4	0	4	2	1	2	5	2	1	0	0	0	9	1	1	3	0	4	2	0	0	0	1	2	3	0	1	0	4	1	0	1	3	1	0	1	0	0	0	0	17	0	3	1	3	0	0	0	0	0	1	0	0	0	1	0	2	1	2	4	0	1	1	0	0	0	0	1	2	1	0	168	40	1	1	0	2	2	1	0	1	1	1	1	1	0	2	0	1	0	1	2	0	10	0	9	9	27	1	3	3	0	0	1	7	1	1	1	2	3	0	2	0	3	0	0	0	1	1	0	0	2	0	1	0	5	1	0	0	0	0	2	0	4	4	1	0	3	0	0	2	0	0	2	0	1	1	1	0	0	1	1	1	0	2	1	0	1	3	0	0	0	5	3	0	0	0	0	0	1	0	0	1	0	6	1	24	0	0	0	2	0	0	0	0
"neg_DANCE_RDvsIR_2021_EM_Hedrha_Int2_BE5_1_12019"	1	0	0	4	1	0	13	1	1	8	0	3	2	6	0	0	2	0	0	1	3	0	0	1	6	3	7	0	2	2	0	4	2	2	0	3	2	1	0	0	0	6	1	1	4	0	3	1	0	1	0	0	2	1	0	0	1	2	1	0	2	3	1	0	0	0	0	0	0	16	0	2	1	5	0	2	0	0	0	1	0	0	0	0	0	2	0	2	4	0	0	0	0	0	0	0	0	1	1	0	113	31	1	1	1	2	1	0	1	1	1	1	0	1	0	3	0	1	1	0	3	0	6	0	6	4	36	2	3	3	0	0	1	5	0	1	0	1	4	0	3	1	0	0	1	0	1	3	0	0	2	0	0	0	3	1	0	0	0	0	1	0	3	2	2	0	4	0	0	4	1	0	2	0	1	0	0	1	0	0	0	0	0	1	0	0	0	1	0	0	0	7	1	0	0	0	1	0	1	0	0	2	0	3	1	18	0	0	0	1	0	0	0	0
"neg_DANCE_RDvsIR_2021_EM_Hedrha_Rd2_BB2_1_11983"	3	0	0	6	1	1	11	1	1	10	0	2	1	6	0	0	0	0	0	0	5	0	0	0	6	2	8	0	2	5	2	3	7	3	0	6	0	1	0	0	1	8	1	0	8	0	2	0	0	0	0	1	2	2	0	0	1	3	1	0	2	1	1	0	0	0	0	0	0	19	0	1	1	4	0	0	1	0	0	1	0	0	1	1	0	5	2	3	0	1	1	2	0	0	0	0	0	1	2	1	186	43	1	1	0	2	2	1	1	0	1	1	1	1	2	3	0	1	1	4	5	0	8	0	9	13	50	3	3	3	0	0	2	7	1	2	1	2	1	0	2	1	4	0	1	0	1	3	0	1	2	0	0	0	4	3	1	0	0	1	0	0	4	2	3	0	4	1	1	4	1	0	2	0	1	1	1	1	0	0	1	0	0	4	0	0	1	2	1	0	0	8	2	0	2	0	3	0	1	0	1	3	1	7	2	41	1	1	0	2	0	0	0	0
"neg_DANCE_RDvsIR_2021_EM_Hedrha_Rd3_RD3_1_11954"	2	0	0	4	1	0	16	1	1	9	0	2	1	6	0	0	2	0	2	0	4	0	0	1	5	3	7	0	2	4	1	2	4	3	0	5	0	1	0	0	0	7	1	0	6	0	2	0	0	1	0	0	2	3	0	0	1	4	1	0	2	2	1	1	0	0	0	0	0	14	0	3	1	3	0	0	1	0	0	1	0	0	1	0	0	3	2	3	2	2	0	1	0	0	0	0	0	1	3	1	152	30	1	1	2	1	2	1	1	1	0	1	0	1	1	1	0	1	1	1	4	0	8	0	9	9	43	2	5	4	0	0	1	6	1	1	1	1	2	0	1	1	3	0	1	0	1	4	0	0	2	0	0	0	3	3	0	0	0	3	1	0	3	3	3	0	3	0	1	5	0	0	2	0	1	1	0	1	0	0	0	0	0	2	1	1	1	2	0	1	0	7	3	0	2	0	2	0	0	0	1	2	0	3	1	25	0	0	0	2	0	0	0	0
"neg_DANCE_RDvsIR_2021_EM_Hedrha_Rd4_GE4_1_12070"	2	0	0	4	1	0	15	1	1	9	0	3	0	5	1	1	1	0	0	0	3	0	1	0	5	3	5	0	1	5	1	4	3	0	0	6	1	1	0	0	1	6	1	0	7	0	2	1	0	1	0	0	2	2	0	0	1	3	1	0	3	2	1	0	0	0	0	0	0	17	0	4	1	3	0	1	1	0	0	1	0	0	1	0	0	3	0	4	2	2	1	1	0	0	0	0	0	2	3	1	147	39	1	0	1	2	1	0	0	1	1	1	0	0	0	0	0	1	1	2	3	0	6	0	7	11	44	1	3	3	0	0	1	3	0	1	1	1	2	0	3	0	3	0	1	0	1	4	0	0	3	0	0	0	2	3	0	0	0	2	0	0	5	3	3	0	5	1	0	5	1	0	1	0	1	0	0	1	0	0	0	0	0	1	0	0	0	0	1	0	0	8	1	0	0	1	2	0	1	0	1	1	0	4	2	27	0	1	1	1	0	1	0	0
"neg_DANCE_RDvsIR_2021_EM_Hedrha_Rd5_GC2_1_12046"	1	0	0	5	1	0	14	1	1	10	0	2	2	5	0	0	1	0	0	0	5	1	1	0	6	3	5	0	0	2	1	2	1	0	0	6	0	2	0	0	0	5	1	1	7	0	3	2	0	1	0	0	2	3	0	0	0	3	1	0	2	2	1	0	0	0	0	0	1	18	1	4	1	2	0	1	1	0	0	1	0	0	1	0	0	4	0	4	2	1	0	1	1	0	0	0	0	1	1	1	131	32	0	1	4	1	2	0	1	1	1	2	0	0	0	0	0	1	0	1	2	0	7	0	7	4	41	3	3	3	0	0	1	1	0	1	1	1	1	0	1	0	2	0	1	1	1	3	0	0	4	0	0	0	4	2	1	0	0	1	1	0	3	2	3	0	3	1	0	3	1	0	1	0	0	1	0	1	0	0	0	0	0	1	0	0	1	2	0	1	0	7	2	0	1	0	2	0	0	0	1	1	0	1	1	24	0	0	2	1	0	0	0	1
"neg_DANCE_RDvsIR_2021_EM_Hyphir_Int1_BA7_1_11980"	1	0	0	3	2	1	10	1	1	14	0	5	2	3	0	1	1	0	1	2	3	0	0	4	7	1	10	0	1	3	2	1	2	5	0	9	0	2	0	1	0	3	1	1	3	1	2	1	0	0	0	0	1	2	0	0	0	2	1	0	2	3	1	0	0	0	0	3	0	23	0	2	1	2	0	1	0	0	0	1	0	1	0	0	0	5	2	6	4	2	1	0	0	0	1	1	0	2	0	0	201	26	0	1	1	9	0	0	8	1	1	1	0	4	2	1	0	0	0	4	5	0	9	0	8	9	32	8	3	0	0	0	2	3	3	1	2	1	0	1	1	2	3	0	2	0	1	2	1	0	2	0	0	1	2	2	0	0	0	0	0	0	6	3	3	0	4	2	1	3	0	0	1	1	0	1	0	1	0	1	0	1	0	4	0	1	1	3	0	0	0	9	3	0	2	0	0	1	0	0	3	1	0	6	2	54	2	3	1	4	0	0	0	0
"neg_DANCE_RDvsIR_2021_EM_Hyphir_Int2_GE5_1_12071"	2	0	0	3	2	1	13	1	1	16	0	8	3	4	0	1	1	0	0	1	4	0	1	2	8	2	11	0	4	3	2	2	0	4	0	8	1	1	0	0	0	6	1	1	5	1	1	1	0	1	0	0	1	3	0	0	0	2	0	0	2	2	2	0	0	0	1	4	0	26	0	3	0	2	0	0	0	0	0	1	0	0	0	0	0	4	1	7	4	0	0	0	1	1	1	1	0	2	0	0	194	27	0	1	2	5	1	0	6	0	0	0	0	2	1	1	0	1	0	5	5	0	10	0	4	11	47	6	4	1	1	0	2	2	3	1	1	1	0	0	2	1	3	0	2	0	1	2	1	0	2	0	0	1	4	3	0	0	0	0	0	0	6	3	4	1	3	2	1	3	0	0	2	1	1	0	0	0	0	1	0	1	0	5	0	1	1	1	0	0	0	5	2	0	1	0	0	0	0	0	2	2	0	7	4	56	0	2	2	4	0	0	1	0
"neg_DANCE_RDvsIR_2021_EM_Hyphir_Rd2_RE5_1_11967"	1	0	0	3	1	1	11	1	1	14	0	6	1	2	0	1	2	0	0	2	2	0	0	2	5	2	9	0	3	3	2	1	1	1	0	6	0	2	0	1	0	2	0	1	5	1	2	0	1	0	0	0	0	2	0	0	0	1	0	0	1	3	0	0	0	0	0	3	0	13	0	3	0	1	0	0	0	0	0	1	0	0	0	0	0	3	1	6	2	1	1	0	1	0	1	1	0	1	0	0	172	22	0	1	2	4	1	0	6	1	1	0	0	2	1	2	0	0	0	4	2	0	5	0	7	8	30	6	3	0	0	0	3	1	2	1	0	1	0	1	2	2	3	1	4	0	1	1	1	0	1	0	0	1	2	1	0	0	0	1	0	0	6	3	2	0	2	1	1	2	0	0	0	1	0	1	0	1	0	1	0	1	0	4	0	1	0	2	0	0	0	12	3	0	0	0	0	1	0	0	2	0	0	4	3	40	2	2	1	3	0	0	0	0
"neg_DANCE_RDvsIR_2021_EM_Hyphir_Rd3_RE7_1_11969"	1	0	0	3	2	1	11	0	3	15	0	6	2	2	0	1	1	0	1	1	3	0	1	1	8	3	7	0	2	7	2	0	2	2	0	9	1	2	0	1	0	4	0	1	5	1	3	0	1	1	0	0	1	2	0	0	0	2	0	0	0	4	0	0	0	0	1	3	0	24	0	3	1	5	1	0	0	0	0	1	0	0	0	0	1	6	1	8	2	0	1	0	1	1	1	0	0	2	0	0	204	26	0	1	2	5	2	0	6	0	1	0	0	4	1	1	0	0	0	4	4	0	5	0	7	10	37	6	4	0	0	0	2	3	4	1	1	1	0	1	4	1	2	1	4	1	1	5	1	0	1	1	0	0	3	2	0	0	0	2	0	1	7	2	2	0	3	2	1	5	0	0	2	1	0	0	0	1	0	1	0	1	0	4	0	1	1	3	0	0	0	7	3	0	2	0	0	1	0	1	2	1	0	5	3	59	1	4	1	4	0	0	1	0
"neg_DANCE_RDvsIR_2021_EM_Klener_Int1_BB3_1_11987"	3	0	0	3	0	0	11	1	1	3	1	2	3	4	0	0	0	0	1	0	2	0	1	2	4	1	5	0	3	2	1	1	1	2	1	5	1	1	1	0	0	2	1	0	2	0	3	2	0	0	0	0	2	3	0	1	0	1	1	1	1	4	1	2	0	0	0	1	0	16	0	0	4	2	0	0	0	0	1	1	0	1	0	0	0	1	1	3	1	1	0	0	0	0	0	0	0	1	1	0	130	27	1	1	10	2	1	2	0	1	1	0	0	2	0	4	0	0	1	2	3	0	6	0	6	2	24	7	0	1	0	0	0	2	1	2	0	1	1	0	2	1	4	0	0	0	1	0	0	0	1	0	1	0	3	2	0	0	0	0	0	0	2	4	0	1	3	3	1	2	0	0	1	1	1	0	0	1	0	0	0	0	0	1	3	1	0	1	0	0	1	1	4	0	1	0	0	0	0	0	0	0	0	2	0	20	0	0	1	0	1	0	0	0
"neg_DANCE_RDvsIR_2021_EM_Klener_Int2_BB1_1_11982"	3	0	0	3	1	1	13	1	1	5	2	3	4	2	0	0	1	0	1	0	1	0	1	2	7	3	6	0	3	3	2	2	3	2	2	5	2	1	1	0	0	2	1	0	4	0	3	2	0	1	0	0	2	2	0	1	0	1	3	1	1	4	0	2	1	0	0	2	0	16	0	0	1	4	0	0	0	0	1	1	0	0	0	0	0	2	1	2	3	0	0	0	0	0	0	0	0	1	2	0	159	30	0	1	12	3	1	0	1	1	1	0	1	2	0	5	0	1	1	4	5	1	11	0	6	5	30	8	0	2	0	0	1	4	1	1	2	1	1	0	2	0	2	0	2	0	1	0	0	1	3	1	0	0	3	2	0	0	0	0	0	1	3	4	0	1	7	2	0	2	0	0	1	0	1	0	0	1	0	1	1	0	0	3	2	1	0	2	0	0	1	4	3	0	2	0	0	0	1	0	0	1	0	5	1	26	0	0	1	1	1	0	0	0
"neg_DANCE_RDvsIR_2021_EM_Klener_Rd1_GC4_1_12048"	2	0	0	4	0	0	12	1	1	4	1	3	5	4	1	0	0	0	1	0	2	0	2	3	7	1	4	0	2	4	2	2	4	2	1	7	1	1	1	0	0	2	1	0	2	0	5	3	0	0	0	0	2	4	0	1	0	1	3	1	1	2	1	2	1	0	0	1	0	16	0	1	4	4	0	0	0	0	1	1	0	1	0	0	0	1	1	1	2	1	0	0	0	0	0	0	0	2	0	0	170	30	0	1	11	4	2	2	0	1	1	1	1	2	0	3	0	1	0	3	5	0	10	0	7	5	23	7	0	1	0	0	0	2	1	3	1	1	0	0	2	0	3	0	2	0	1	0	0	0	1	0	1	0	4	2	0	0	0	0	0	1	4	5	1	0	6	1	1	5	1	0	1	1	1	0	0	1	0	1	0	0	0	2	3	0	0	3	0	1	1	5	3	0	1	0	0	0	1	0	0	2	0	5	1	26	0	1	0	1	2	0	0	0
"neg_DANCE_RDvsIR_2021_EM_Klener_Rd2_RE4_1_11966"	2	0	0	2	1	1	11	1	1	4	1	3	1	4	1	0	0	0	0	0	2	0	1	2	9	0	7	0	3	3	3	2	0	2	2	9	1	1	1	0	0	2	1	0	4	0	4	3	0	0	0	0	1	3	0	1	0	2	3	0	1	3	0	2	1	0	0	1	0	19	0	0	3	3	0	1	1	0	1	1	0	0	0	0	0	1	1	2	1	0	0	0	0	0	0	0	0	2	1	0	168	31	1	0	11	4	1	2	2	1	1	1	1	3	0	4	0	0	0	4	3	1	11	0	8	4	29	5	1	1	0	0	0	3	1	3	0	2	1	0	2	0	2	0	0	0	1	1	0	0	1	1	1	0	4	2	0	0	0	0	0	1	4	4	0	1	6	2	1	3	0	0	1	1	1	0	0	1	0	1	0	0	0	3	2	0	0	3	0	1	1	4	2	0	1	0	0	0	1	0	2	1	0	5	1	32	0	0	1	1	2	0	0	0
"neg_DANCE_RDvsIR_2021_EM_Klener_Rd3_BC4_1_11996"	3	0	0	4	0	0	11	1	2	2	1	5	4	3	0	0	2	0	0	0	3	0	2	1	6	1	5	0	3	3	2	3	3	3	2	6	1	1	1	0	0	5	1	0	3	0	4	3	0	1	0	0	2	2	0	1	0	2	1	1	0	2	0	1	0	0	0	1	0	13	0	0	1	3	0	0	1	0	0	1	0	0	0	0	0	2	2	3	2	2	0	0	0	0	0	0	0	0	2	0	151	32	1	0	11	3	1	1	2	1	1	0	1	2	0	4	0	0	0	3	5	1	13	0	10	5	29	6	0	2	1	0	0	1	1	0	0	2	1	0	2	0	3	0	0	0	0	2	0	0	3	1	0	0	4	2	0	1	0	0	1	1	2	4	0	0	4	1	0	5	0	0	1	0	1	0	0	1	0	1	0	0	0	3	2	1	0	2	0	0	1	4	5	0	1	0	0	0	1	0	1	0	0	6	1	22	0	0	0	2	2	0	0	1
"neg_DANCE_RDvsIR_2021_EM_Klener_Rd4_BD7_1_12013"	2	0	0	2	1	0	7	1	1	1	1	2	2	1	0	0	1	0	0	0	1	0	0	1	3	1	2	0	1	1	0	1	1	1	0	1	0	2	2	0	0	1	1	0	2	0	1	1	0	1	0	0	4	3	0	0	0	0	2	0	0	2	0	0	0	0	0	0	0	2	0	0	0	0	0	0	0	0	0	1	0	0	0	0	0	1	2	0	1	0	0	0	0	0	0	0	1	1	0	0	43	12	0	1	9	3	1	0	3	0	1	0	0	2	0	3	0	0	0	0	2	0	5	0	1	0	9	4	0	0	0	0	0	0	0	0	0	1	0	0	1	0	1	0	1	0	1	1	0	0	0	1	0	0	0	1	0	0	1	0	0	1	1	3	0	0	2	0	0	0	0	0	0	0	1	0	0	1	0	0	0	0	0	2	1	0	0	0	0	0	1	1	1	0	0	0	0	0	1	0	0	1	0	1	0	2	0	0	1	1	0	0	0	0
"neg_DANCE_RDvsIR_2021_PG_Cenmel_Int1_GD2_1_12057"	5	1	0	5	2	1	13	1	3	13	4	4	6	5	1	0	2	0	4	1	7	1	3	2	7	4	7	1	3	8	1	1	10	4	1	7	1	1	1	0	0	8	4	0	8	1	4	2	0	1	1	1	1	2	0	0	1	4	2	1	2	3	1	1	1	1	0	2	1	40	1	4	4	11	1	2	3	0	0	1	2	1	5	1	0	3	3	3	6	2	0	2	0	0	1	0	0	3	2	0	296	72	1	1	1	8	1	1	0	1	1	1	0	3	1	5	1	1	1	4	4	3	13	0	12	12	57	11	3	5	5	0	1	7	1	3	3	2	2	1	1	0	2	1	1	5	1	4	1	1	2	2	0	0	5	2	0	0	0	3	1	2	5	2	5	0	9	3	1	6	1	5	2	1	1	2	1	1	1	0	1	1	1	3	1	0	1	3	0	1	0	13	5	0	3	0	0	2	2	0	2	1	0	7	3	48	1	1	0	5	2	1	0	1
"neg_DANCE_RDvsIR_2021_PG_Cenmel_Int2_RD6_1_11957"	5	1	0	6	1	1	14	1	2	12	4	3	6	6	1	0	0	1	3	1	5	1	2	2	7	2	5	1	5	8	1	2	11	3	1	6	2	1	1	0	0	6	3	0	11	0	2	2	0	0	0	1	1	2	0	0	0	3	1	0	2	2	2	1	1	0	0	2	1	40	1	4	4	10	2	0	2	1	0	1	2	1	1	0	0	2	3	2	8	1	0	2	0	0	1	0	0	2	1	0	265	69	0	1	0	3	2	0	1	1	1	0	0	3	1	3	0	0	0	3	6	2	13	1	10	12	43	7	4	3	2	0	2	3	1	3	1	1	3	0	0	0	2	1	1	4	1	3	1	2	3	0	0	0	5	2	0	0	0	2	1	2	4	4	3	0	9	2	1	7	0	3	1	0	1	2	1	2	2	0	0	1	1	2	1	0	0	1	0	0	0	7	5	0	4	1	0	1	1	0	2	1	1	6	2	39	1	2	0	3	2	1	0	1
"neg_DANCE_RDvsIR_2021_PG_Cenmel_Rd1_GE1_1_12067"	4	1	0	6	1	1	13	1	3	15	4	3	4	5	1	0	0	0	4	1	3	1	1	2	7	3	5	1	5	7	0	4	7	4	2	5	2	2	1	0	0	5	2	0	9	0	3	2	1	0	1	1	2	2	0	1	0	2	1	1	1	4	1	1	0	1	1	2	0	33	1	5	4	9	0	1	3	1	0	1	2	0	4	1	0	2	2	5	5	2	0	2	0	0	1	0	0	2	2	0	262	74	0	1	2	6	1	1	1	1	0	0	0	2	2	3	2	1	0	2	6	4	8	1	8	11	48	9	3	3	4	0	2	3	1	3	2	1	3	0	0	0	1	1	1	5	0	4	1	1	3	1	0	0	1	2	0	0	0	4	0	2	6	4	4	0	5	3	1	7	1	7	2	0	1	1	1	3	1	1	1	1	0	2	1	0	0	2	1	0	0	9	5	0	3	0	0	2	1	0	2	0	1	3	3	46	1	1	0	5	2	1	0	1
"neg_DANCE_RDvsIR_2021_PG_Cenmel_Rd2_RD2_1_11953"	6	1	1	5	2	1	14	1	3	10	4	4	3	7	1	0	1	0	3	1	7	0	2	2	7	3	7	1	4	8	0	4	12	5	2	7	1	1	1	0	0	8	2	0	11	1	6	2	0	0	0	1	1	1	0	0	1	3	1	1	2	3	2	1	2	1	1	2	1	37	3	4	5	13	1	1	2	1	0	1	2	1	5	0	0	2	3	5	6	0	0	2	0	0	1	0	0	3	2	0	303	72	1	1	1	10	2	1	1	0	1	1	0	3	1	3	2	1	0	3	5	3	13	1	11	12	58	9	5	4	4	0	0	6	1	3	3	2	3	0	0	0	4	0	2	5	1	5	1	1	2	1	0	0	5	3	0	0	0	5	1	2	5	4	4	0	8	3	1	7	0	7	2	0	1	2	1	2	2	2	1	2	0	3	1	0	1	3	0	0	0	11	4	0	3	0	0	2	3	0	2	0	1	6	2	50	2	2	0	5	2	1	0	0
"neg_DANCE_RDvsIR_2021_PG_Cenmel_Rd3_GC3_1_12047"	5	1	0	6	1	1	17	1	3	12	3	3	5	6	1	0	0	1	3	1	4	0	2	0	7	1	8	1	3	9	0	5	11	6	1	4	2	0	1	0	0	9	2	1	11	1	6	2	0	0	1	1	1	2	0	0	1	3	2	0	2	3	3	0	2	1	1	3	2	43	2	4	5	7	2	0	3	1	0	1	2	1	7	1	0	3	3	2	5	1	0	2	0	0	1	0	0	2	1	1	319	81	1	1	1	10	2	2	0	1	1	1	0	2	1	4	2	0	0	5	6	2	14	1	12	10	56	10	5	5	3	0	0	7	1	3	1	1	2	0	1	0	2	0	1	5	1	4	1	1	3	1	0	0	5	3	0	0	0	4	1	2	5	3	5	0	8	4	1	8	1	6	2	0	0	2	1	2	1	2	1	1	1	4	1	0	1	3	1	0	0	12	5	0	4	1	0	1	3	0	2	1	1	9	3	50	2	3	0	5	2	1	0	0
"neg_DANCE_RDvsIR_2021_PG_Cenmel_Rd4_BD1_1_12004"	4	1	1	7	1	1	14	1	5	14	4	3	4	6	1	1	0	0	3	1	4	0	2	1	6	3	6	1	3	8	1	3	10	4	3	5	2	1	1	0	0	6	2	0	12	0	5	0	0	0	0	1	1	1	0	1	1	3	2	0	1	3	1	0	2	0	0	2	2	40	1	4	6	11	1	1	3	1	0	1	0	0	4	0	0	3	2	2	5	0	0	1	0	0	1	0	0	1	2	0	268	73	1	1	1	8	2	1	1	1	1	1	0	4	1	3	1	0	0	3	5	4	11	1	9	10	53	9	3	5	2	0	2	6	1	3	2	2	4	1	0	0	3	0	2	5	0	4	1	2	1	1	0	0	3	1	0	1	0	5	1	2	7	4	4	0	7	3	1	7	1	6	2	0	1	2	1	2	1	1	1	2	0	3	1	0	0	3	0	0	0	9	6	0	4	0	0	1	1	0	2	2	2	7	3	42	1	2	0	4	2	1	0	2
"neg_DANCE_RDvsIR_2021_PG_Cenmel_Rd5_BD8_1_12014"	5	1	1	5	0	1	15	1	4	9	4	3	6	7	1	1	0	1	3	1	4	0	2	0	5	2	7	1	3	9	1	3	8	3	2	7	2	0	1	0	0	10	2	1	9	1	3	2	0	0	0	1	1	2	0	0	2	4	1	0	2	4	1	1	1	0	0	2	2	43	1	5	6	11	0	1	2	1	0	1	2	0	5	1	0	3	2	2	6	2	0	2	0	0	1	1	0	3	1	0	301	70	1	1	1	3	2	1	1	1	1	1	0	4	2	5	2	1	0	3	6	4	12	0	12	13	61	9	4	5	3	0	1	5	1	3	2	1	5	0	1	0	3	1	2	5	1	4	1	1	1	1	0	0	4	2	0	0	0	6	1	2	5	3	5	0	6	2	1	7	1	6	2	0	1	2	1	3	2	2	1	1	1	3	1	0	1	3	0	0	0	10	5	0	2	0	0	1	2	0	2	1	1	6	2	48	1	2	1	5	2	1	1	1
"neg_DANCE_RDvsIR_2021_PG_Cenmel_Rd6_GB8_1_12044"	4	1	0	6	0	1	16	1	2	14	4	4	5	5	1	0	1	1	4	1	3	1	3	2	5	3	7	1	4	9	0	4	9	3	3	5	2	0	1	0	0	6	1	1	9	0	4	2	0	0	1	1	1	2	0	0	1	3	0	0	2	2	2	1	1	0	1	2	2	43	1	4	2	13	1	1	3	0	1	1	1	0	4	1	0	2	3	6	6	0	0	1	0	0	1	0	0	2	2	0	278	66	1	1	1	3	2	0	1	1	1	1	0	2	1	3	2	1	0	4	4	3	12	1	11	11	43	9	4	4	3	0	1	6	2	3	3	1	4	0	0	0	3	1	2	4	1	4	1	2	1	1	0	0	4	2	1	0	0	3	1	1	7	5	5	0	7	2	0	8	0	7	2	0	1	2	1	3	2	1	1	1	0	2	1	0	0	3	1	0	0	11	6	0	3	0	0	1	2	0	1	1	0	6	2	44	1	1	0	4	2	1	1	0
"neg_DANCE_RDvsIR_2021_PG_Censet_Int1_GA2_1_12027"	1	0	1	2	2	1	10	0	2	11	0	4	3	3	0	0	1	0	1	2	3	0	0	2	7	1	7	0	2	4	0	3	2	2	0	4	1	0	0	1	0	8	0	0	5	0	2	1	0	1	0	0	1	3	0	0	0	1	1	0	0	2	1	0	0	0	0	3	0	23	0	0	1	5	0	0	0	0	1	1	0	0	0	0	0	0	0	7	3	1	1	0	1	0	0	1	0	1	1	0	160	35	0	0	1	3	1	0	1	1	0	1	0	2	1	0	0	0	0	1	4	0	5	0	6	14	42	5	2	0	1	0	3	3	3	1	0	1	1	0	2	0	2	0	0	1	1	1	0	0	3	0	0	1	4	3	0	0	0	1	0	0	4	2	2	0	4	1	0	3	0	0	1	0	0	1	0	1	0	1	0	1	0	2	0	1	0	0	0	1	0	0	3	0	0	0	0	0	1	0	2	1	0	1	4	46	2	1	1	3	0	0	0	1
"neg_DANCE_RDvsIR_2021_PG_Censet_Int2_GA6_1_12031"	2	0	0	1	1	1	8	1	2	10	0	5	3	3	0	0	1	0	1	2	2	0	0	2	4	1	7	0	1	4	1	1	1	3	0	3	1	1	0	1	0	6	0	0	5	0	1	1	0	0	0	0	1	3	0	0	0	1	1	0	0	2	1	0	0	0	0	2	0	16	0	4	2	3	0	0	0	0	0	1	0	0	0	0	0	1	1	7	3	0	1	0	1	0	0	1	0	2	0	0	148	24	0	0	1	3	1	0	1	0	1	0	0	2	1	0	0	0	0	0	5	0	6	0	4	12	35	4	1	1	1	0	1	4	2	0	0	1	0	0	2	0	2	0	0	1	0	1	0	0	2	0	0	1	2	2	0	0	0	0	0	0	4	0	2	0	5	1	1	2	0	0	1	0	0	1	0	1	0	1	0	1	0	1	0	0	0	0	0	1	0	1	2	0	0	0	0	1	0	0	2	1	0	2	3	30	1	1	1	2	0	0	0	0
"neg_DANCE_RDvsIR_2021_PG_Censet_Int3_RA1_1_11922"	1	0	1	1	0	1	11	1	1	8	0	2	2	3	0	0	1	0	1	2	2	0	0	1	6	1	7	0	2	6	1	2	1	2	0	3	1	1	0	1	0	4	0	0	5	0	1	1	0	0	0	0	1	1	0	0	0	1	1	0	0	3	1	0	0	0	1	1	0	16	0	3	1	4	0	0	0	0	0	1	0	0	0	0	0	1	0	7	3	0	1	0	0	0	0	0	0	1	0	0	149	23	1	0	1	3	1	0	1	1	0	0	0	1	1	0	0	0	0	0	5	0	5	0	4	11	34	4	2	2	1	0	1	2	2	1	0	1	1	0	1	0	2	0	1	1	1	0	0	0	2	0	0	1	3	2	0	0	0	1	0	0	5	1	1	0	2	1	1	2	0	0	1	1	0	1	0	1	0	1	0	1	0	1	0	1	0	0	0	0	0	2	3	0	0	0	0	0	0	0	2	0	0	4	4	35	1	1	2	3	0	0	0	0
"neg_DANCE_RDvsIR_2021_PG_Censet_Int4_GB2_1_12035"	1	0	1	2	0	1	10	1	2	8	0	3	2	3	0	0	1	0	1	2	2	0	0	2	6	0	7	0	2	3	1	3	0	3	0	3	1	1	0	1	0	3	0	0	3	0	1	2	0	1	0	0	1	2	0	0	0	2	1	0	0	1	1	0	0	1	0	2	0	18	0	3	1	4	1	0	0	0	0	1	0	0	0	0	0	1	0	6	2	0	1	0	1	0	0	0	0	1	0	0	149	28	0	0	0	4	1	0	1	0	1	0	0	1	1	2	0	0	0	0	3	0	6	0	4	11	35	4	0	1	1	0	1	2	3	1	0	1	0	0	3	0	2	0	2	1	1	1	0	0	1	0	0	0	3	1	0	0	0	0	0	0	4	1	1	0	5	1	0	1	0	0	1	0	0	1	0	1	0	0	0	1	0	1	0	1	0	0	0	0	0	1	4	0	0	0	0	0	0	1	1	1	0	2	4	28	2	1	2	2	0	0	0	0
"neg_DANCE_RDvsIR_2021_PG_Censet_Rd1_BA3_1_11976"	1	0	1	2	0	0	10	1	3	13	0	2	3	3	0	0	1	0	2	2	4	0	0	1	7	1	6	0	2	4	1	1	2	3	0	5	1	1	0	1	0	7	0	0	8	0	3	1	0	1	0	0	1	3	0	0	0	1	0	0	1	2	1	0	0	0	1	2	0	20	0	1	2	6	1	0	0	0	0	1	0	0	0	0	0	1	1	5	3	0	1	0	1	0	0	1	0	1	1	0	156	31	1	1	1	3	1	0	1	1	1	1	0	2	1	0	0	0	0	0	5	0	4	0	5	13	44	5	1	2	1	0	2	4	3	1	0	1	0	0	1	0	2	0	0	0	1	1	0	0	2	0	0	1	4	2	0	0	0	0	0	0	5	3	2	0	4	1	0	1	0	0	2	1	0	1	0	1	0	1	0	1	0	2	0	1	1	0	0	1	0	1	2	0	0	0	0	0	0	0	2	2	0	1	5	36	1	1	2	3	0	0	0	0
"neg_DANCE_RDvsIR_2021_PG_Censet_Rd2_RA2_1_11923"	1	0	1	1	1	1	9	1	2	11	0	3	3	3	0	0	1	0	1	1	2	0	0	2	5	1	4	0	1	4	1	1	1	3	0	3	1	1	0	1	0	6	0	0	7	1	1	2	0	1	0	0	1	3	0	0	0	1	1	0	0	3	1	0	0	1	0	2	0	19	0	2	0	3	0	0	0	0	1	1	0	0	0	0	0	0	0	5	3	0	1	0	0	0	0	1	0	2	0	0	156	29	0	0	1	3	1	0	1	1	1	0	0	2	1	0	0	0	0	0	3	1	5	0	6	14	38	4	0	1	1	0	3	3	2	1	0	1	0	0	3	0	2	1	0	0	1	0	0	0	1	0	0	1	3	2	0	0	0	0	0	0	4	1	3	0	5	1	1	3	0	0	1	0	0	0	0	0	0	1	0	1	0	1	0	1	0	0	0	1	0	0	3	0	0	0	0	0	0	0	2	1	0	1	4	34	2	1	1	2	0	0	0	0
"neg_DANCE_RDvsIR_2021_PG_Censet_Rd3_BD2_1_12005"	1	0	1	1	0	1	10	1	3	9	0	2	0	3	0	0	1	0	1	2	2	0	0	2	4	2	5	0	1	4	1	2	0	3	0	5	1	1	0	1	0	5	0	0	4	0	2	1	0	1	0	0	1	2	0	0	0	1	1	0	0	4	0	0	1	0	0	1	0	14	0	2	0	3	1	0	0	0	0	1	0	0	0	0	0	1	1	5	2	0	1	0	1	0	0	0	0	1	0	0	144	19	0	0	1	3	1	0	1	1	1	0	0	2	1	0	0	0	0	0	4	0	5	1	4	11	31	4	2	2	1	0	1	3	3	1	0	1	0	0	1	0	2	0	3	1	0	1	0	0	2	0	0	1	2	1	0	0	0	0	0	0	4	1	0	0	4	1	1	1	0	0	0	0	0	1	0	1	0	1	0	1	0	1	0	1	0	0	0	0	0	0	2	0	0	0	0	0	0	0	1	0	0	2	2	27	1	1	2	2	0	0	0	2
"neg_DANCE_RDvsIR_2021_PG_Censet_Rd4_GC1_1_12045"	1	0	0	2	0	1	5	1	3	10	0	3	3	2	0	1	1	0	0	1	1	0	0	1	3	1	7	0	3	2	0	2	0	2	0	4	1	1	0	1	1	3	0	0	3	0	2	1	0	0	0	0	0	2	0	0	0	1	1	0	0	1	0	0	1	1	0	2	0	15	0	4	0	2	0	0	0	0	0	1	0	0	0	0	0	2	1	6	2	0	0	0	1	0	0	0	0	1	0	0	137	11	0	0	1	3	1	0	1	0	1	0	0	2	1	0	0	0	1	0	3	0	4	1	3	10	30	3	0	2	1	0	1	2	2	1	0	0	0	0	2	0	3	0	2	1	1	0	0	0	1	0	0	0	2	1	0	0	0	0	0	0	4	1	0	0	3	1	0	2	0	0	1	0	0	1	0	1	0	0	0	1	0	1	0	0	0	0	0	1	0	0	1	0	0	0	0	1	0	1	1	0	0	2	4	27	2	1	1	2	0	0	0	0
"neg_DANCE_RDvsIR_2021_PG_Censet_Rd5_BA2_1_11975"	1	0	0	2	0	0	5	1	2	9	0	2	2	3	0	0	1	0	0	2	2	0	0	1	4	1	6	0	1	2	0	3	1	2	0	2	1	1	0	1	0	4	0	0	5	0	1	1	0	0	0	0	0	2	0	0	0	1	1	0	0	2	1	0	0	1	0	2	0	18	0	3	0	5	0	0	0	0	0	1	0	0	0	0	0	2	1	5	2	0	0	0	1	0	0	0	0	1	0	0	130	18	0	0	0	5	1	0	1	0	1	1	0	1	1	1	0	0	0	0	5	0	3	0	3	11	34	3	1	1	1	0	1	3	3	1	0	1	0	0	2	0	2	0	2	1	0	2	0	0	2	1	0	0	2	1	0	0	0	0	0	0	3	1	0	0	1	1	1	2	0	0	0	0	0	1	0	0	0	0	0	1	0	1	0	1	0	0	0	0	0	1	3	0	0	0	0	0	0	0	2	0	0	3	4	33	1	1	1	2	0	0	0	0
"neg_DANCE_RDvsIR_2021_PG_Esccal_Int1_RD1_1_11952"	4	0	0	5	1	0	10	1	0	7	2	5	4	3	0	1	0	0	1	0	3	0	0	3	7	2	5	0	5	2	2	1	3	2	0	3	3	1	0	0	0	8	1	0	4	0	1	3	0	0	0	0	1	1	0	2	0	3	1	0	0	3	2	0	0	0	0	0	0	11	0	0	1	5	0	1	0	0	0	1	0	0	0	0	0	2	1	2	2	2	0	0	0	0	1	0	0	4	0	0	146	23	2	0	0	4	1	1	1	0	1	0	0	2	0	2	0	0	0	3	3	0	5	0	5	5	31	7	2	1	0	0	3	0	1	0	4	1	1	0	2	1	4	0	2	0	1	2	0	0	2	1	0	0	1	2	0	3	2	1	1	1	4	5	0	0	5	4	1	3	0	0	1	0	0	1	0	0	0	0	2	0	0	1	0	1	0	2	0	1	0	4	2	0	1	0	0	0	1	0	1	2	0	9	0	34	0	0	2	2	1	0	0	2
"neg_DANCE_RDvsIR_2021_PG_Esccal_Int2_GB4_1_12040"	2	0	0	3	1	0	11	1	1	6	1	6	3	3	0	1	1	0	0	0	3	0	1	5	9	1	6	0	6	2	2	1	1	1	1	5	2	1	0	0	1	7	1	0	5	1	3	3	0	0	0	0	1	2	0	2	1	2	1	0	0	2	1	1	1	0	0	0	0	14	0	0	1	7	1	1	0	0	0	1	0	0	0	0	0	3	1	3	1	1	0	0	0	0	0	0	1	4	0	0	154	28	1	0	0	4	1	1	1	1	1	0	0	2	0	3	0	0	0	2	3	0	7	0	4	8	30	6	1	2	1	1	4	1	1	1	2	1	1	0	4	0	4	0	2	0	1	2	0	0	2	0	0	0	2	2	0	3	0	2	1	0	1	6	1	0	5	2	1	3	0	0	1	1	0	2	0	1	0	0	0	0	0	3	0	1	0	1	0	1	0	3	2	0	1	1	0	0	1	0	1	2	0	7	0	31	1	1	0	2	1	0	0	2
"neg_DANCE_RDvsIR_2021_PG_Esccal_Int3_GA7_1_12032"	4	0	0	5	2	1	13	0	0	8	1	5	3	3	0	0	1	0	0	0	3	0	1	4	9	3	7	0	6	2	1	1	2	1	1	6	3	1	0	1	0	8	1	0	6	0	2	3	0	0	0	0	1	2	0	2	1	3	0	0	0	3	1	0	1	0	0	1	0	14	0	0	1	5	1	1	0	0	0	1	0	0	0	0	0	2	1	3	2	1	0	0	0	0	0	0	1	4	0	0	164	31	1	0	0	4	1	1	1	0	1	0	0	1	0	1	0	0	0	2	3	0	6	0	7	6	32	8	2	1	0	1	3	2	1	1	2	1	1	0	4	0	5	0	1	0	1	3	0	0	2	0	0	0	2	3	0	2	0	3	1	1	4	4	0	0	3	2	0	3	0	0	1	0	0	2	0	1	0	0	1	0	0	1	0	1	0	0	0	1	0	2	2	1	2	0	0	0	1	0	0	2	0	10	0	41	0	0	1	1	0	0	0	1
"neg_DANCE_RDvsIR_2021_PG_Esccal_Int4_RC7_1_11950"	4	0	1	3	0	0	10	1	0	8	1	2	1	2	0	1	1	0	1	0	2	0	1	3	8	3	7	0	4	3	1	1	2	2	2	4	4	1	0	0	0	6	1	0	6	0	2	2	0	0	0	0	1	2	0	1	0	3	1	0	1	3	1	0	1	0	0	0	0	14	0	0	1	5	1	2	1	0	0	1	0	0	0	0	0	2	0	3	3	2	0	0	0	0	1	0	0	2	1	0	161	27	1	0	1	3	1	1	1	0	1	0	0	1	1	3	0	1	0	4	2	0	6	0	6	7	36	8	2	2	0	0	3	0	1	0	5	1	2	0	2	0	5	0	2	0	0	1	0	0	2	0	0	0	1	2	0	3	1	3	3	1	2	3	0	0	3	3	1	4	0	0	3	0	0	1	0	1	0	0	0	0	0	4	0	1	1	0	0	0	0	6	2	0	1	1	0	0	1	0	0	2	0	5	2	47	0	1	0	3	0	0	0	1
"neg_DANCE_RDvsIR_2021_PG_Esccal_Int5_RE8_1_11970"	2	0	0	2	1	0	12	1	1	4	1	4	3	2	0	1	0	0	0	0	2	0	0	3	9	2	4	0	6	2	1	0	3	1	0	4	3	0	0	0	0	8	1	0	5	1	3	4	0	0	0	1	1	1	0	1	1	3	1	0	1	2	2	0	0	0	0	0	0	10	0	0	2	6	0	0	0	0	0	1	0	0	0	0	0	3	2	1	1	1	0	0	0	0	0	0	0	4	0	0	135	19	2	0	0	3	1	0	1	1	1	0	0	2	0	4	0	0	0	2	2	0	5	0	6	7	23	7	2	0	0	0	4	0	1	0	1	1	1	0	5	0	4	0	1	0	1	0	0	0	0	0	0	0	1	2	1	3	1	2	2	0	3	5	2	0	4	2	1	2	0	0	1	0	1	1	0	0	0	0	1	0	0	2	0	1	0	1	0	0	0	4	1	1	1	1	0	0	1	0	1	1	0	6	0	32	1	0	0	1	1	0	0	0
"neg_DANCE_RDvsIR_2021_PG_Esccal_Rd1_RA6_1_11927"	2	0	0	0	0	0	12	1	0	10	1	5	3	3	0	1	1	0	0	0	2	0	1	3	8	2	5	0	8	0	1	1	1	1	0	1	2	1	0	0	1	9	1	0	4	0	2	2	0	0	0	0	1	1	1	1	0	2	1	0	0	3	0	0	0	0	0	0	0	13	1	0	3	6	1	1	0	0	0	1	0	0	0	0	0	2	0	3	1	2	1	0	0	0	0	0	0	3	1	0	134	23	1	0	0	4	1	1	1	0	1	1	0	1	0	2	0	1	0	2	2	0	6	0	6	4	24	8	2	1	1	1	1	1	1	0	0	1	0	0	3	1	6	0	1	0	1	1	0	0	1	0	0	0	2	1	0	3	1	1	1	0	2	4	0	0	4	3	1	2	1	0	2	0	1	1	0	0	0	0	0	0	0	1	1	1	0	0	0	0	0	6	1	0	0	0	0	0	1	0	0	2	0	6	0	37	0	1	0	1	0	0	0	0
"neg_DANCE_RDvsIR_2021_PG_Esccal_Rd2_BC6_1_12001"	4	0	0	4	2	0	13	1	0	8	1	4	4	1	0	1	0	0	0	1	3	0	0	3	9	3	5	0	7	1	1	2	2	1	0	3	4	0	0	0	1	8	1	0	5	0	1	3	0	0	0	0	1	2	1	1	1	2	0	0	0	3	2	0	1	0	0	0	0	12	0	0	2	6	1	2	0	0	0	1	0	0	0	0	0	3	0	2	1	2	0	0	0	0	0	0	0	3	1	0	169	29	2	0	0	4	1	1	1	1	1	0	0	1	0	2	0	0	0	2	3	0	6	0	8	5	33	8	1	1	0	1	1	0	1	0	1	1	2	0	2	1	5	0	2	0	1	1	0	0	2	0	0	0	2	3	0	3	2	3	2	1	5	5	1	0	4	3	1	1	0	0	2	0	1	2	1	1	0	0	1	0	0	2	1	1	0	1	0	1	0	5	2	1	1	1	0	0	1	0	1	2	0	7	0	40	0	0	0	0	1	0	0	1
"neg_DANCE_RDvsIR_2021_PG_Esccal_Rd3_GD8_1_12066"	4	0	1	5	2	0	13	1	0	11	1	6	3	3	0	1	1	0	0	1	3	0	1	5	12	3	6	0	8	3	0	1	3	2	0	6	3	0	0	0	0	9	1	0	5	0	2	3	0	0	0	1	1	2	1	1	1	3	1	0	1	2	2	0	2	0	0	0	0	15	0	0	1	7	1	2	0	0	0	1	0	0	0	0	0	2	1	4	3	2	0	0	0	0	1	0	0	4	0	0	187	33	2	0	1	4	1	1	1	0	1	1	0	2	0	3	0	0	0	3	2	0	7	0	10	8	36	10	4	1	1	1	3	0	1	1	4	1	1	0	2	1	6	0	2	0	1	2	0	1	2	1	0	0	1	1	0	3	0	4	2	1	4	5	1	0	5	3	0	3	0	0	1	1	1	1	0	2	0	0	0	2	0	2	0	1	0	2	0	1	0	6	3	0	3	0	0	0	1	0	1	2	0	7	1	37	0	0	0	1	1	0	0	2
"neg_DANCE_RDvsIR_2021_PG_Esccal_Rd4_BA1_1_11974"	3	0	1	3	0	0	12	1	1	10	1	4	4	3	0	1	1	0	0	0	3	0	1	3	8	4	6	0	6	2	2	1	2	1	1	4	2	1	0	0	1	8	1	0	5	1	1	2	0	0	0	0	1	2	1	2	1	2	1	0	1	1	2	0	2	0	0	0	0	12	0	1	2	7	0	2	0	0	0	1	0	0	0	0	0	3	0	3	3	1	0	0	0	0	1	0	0	3	1	0	166	31	2	0	0	4	1	1	1	0	1	0	1	2	0	1	0	0	0	2	2	0	6	0	10	8	33	8	3	1	1	0	1	0	1	1	3	1	1	0	2	0	4	0	2	0	1	1	0	0	2	0	0	0	2	2	1	3	1	3	1	0	4	7	1	0	3	2	0	3	1	0	1	0	0	2	0	1	0	0	1	1	0	2	0	1	0	2	0	0	0	4	3	1	1	1	0	0	1	0	1	2	0	7	1	34	0	1	0	2	1	0	0	2
"neg_DANCE_RDvsIR_2021_PG_Esccal_Rd5_GC5_1_12052"	3	0	1	4	2	0	11	0	0	11	2	5	4	2	0	1	1	0	1	1	3	0	0	5	7	3	6	0	9	4	2	1	2	1	1	3	2	1	0	0	1	10	1	0	4	0	1	3	0	1	0	0	1	2	1	2	1	3	1	0	1	3	2	0	1	0	0	0	0	15	0	1	1	6	0	1	0	0	0	1	0	0	0	0	0	3	1	2	3	1	0	0	0	0	1	0	1	3	0	0	165	20	2	0	0	4	1	1	1	0	1	0	0	1	0	1	0	0	0	3	3	0	6	0	5	4	29	10	3	1	1	1	3	1	1	1	5	1	0	0	5	0	7	0	2	0	1	3	0	0	0	0	0	0	3	1	1	3	1	4	1	1	4	4	1	0	5	1	1	1	1	0	1	0	1	1	0	0	0	0	1	0	0	1	0	1	0	2	0	1	0	3	3	0	2	0	0	0	1	0	2	2	0	8	0	39	1	1	1	2	0	0	0	2
"neg_DANCE_RDvsIR_2021_PG_Esccal_Rd6_RA3_1_11924"	4	0	0	3	2	0	10	0	0	9	1	3	5	2	0	1	1	0	1	0	2	0	0	2	8	2	8	0	8	1	1	1	1	1	0	5	3	1	0	0	1	7	1	0	5	0	1	3	0	1	0	0	1	1	0	2	1	2	1	0	0	4	1	0	1	0	0	1	0	11	0	0	1	6	1	1	0	0	0	1	0	0	0	0	0	3	1	4	1	1	0	0	0	0	0	0	0	4	0	0	145	23	2	0	0	4	1	0	0	0	1	1	0	1	0	1	0	0	0	2	3	0	4	0	5	6	31	6	1	1	1	0	3	0	1	0	4	1	1	0	3	0	4	0	2	0	1	0	0	0	1	0	0	0	3	2	1	3	2	2	1	1	4	5	1	0	3	3	1	3	0	0	1	0	1	2	0	0	0	0	0	0	0	2	0	1	0	1	0	1	0	3	2	1	1	0	0	0	1	0	1	2	0	4	0	38	0	0	1	2	1	0	0	2
"neg_DANCE_RDvsIR_2021_PG_Esccal_Rd7_GD3_1_12058"	3	0	1	3	1	0	12	0	0	10	1	5	4	3	0	1	1	0	1	0	3	0	0	2	10	2	6	0	7	1	1	2	2	1	1	5	1	1	0	0	1	7	1	0	6	0	2	3	0	0	0	0	1	2	0	2	0	2	0	0	1	2	2	0	2	0	0	0	0	15	0	0	2	8	0	2	0	0	0	1	0	0	0	0	0	2	0	3	2	3	1	0	0	0	1	0	1	2	2	0	184	31	2	0	1	3	1	1	1	1	0	0	0	1	1	2	0	0	0	3	3	0	5	0	10	9	35	6	4	1	1	0	4	1	1	1	5	1	1	0	4	1	6	0	2	0	1	2	0	0	1	0	0	0	3	2	0	1	1	3	2	1	3	5	1	0	4	3	0	4	0	0	2	0	0	2	0	0	0	0	0	1	0	2	0	1	0	0	0	1	0	3	3	1	1	1	0	0	3	0	2	2	0	6	2	50	0	0	1	1	1	0	0	0
"neg_DANCE_RDvsIR_2021_PG_Esccal_Rd8_GB5_1_12041"	2	0	0	3	1	0	13	1	1	9	1	6	6	3	0	1	0	0	1	1	1	0	1	3	4	2	6	0	7	1	1	2	2	2	0	4	2	1	0	1	1	7	1	0	4	1	3	2	0	0	0	0	1	1	0	1	1	2	0	0	0	2	1	0	0	0	0	0	0	13	0	0	1	7	1	1	0	0	0	1	0	0	0	0	0	3	0	3	4	1	0	0	0	0	0	0	1	3	0	0	153	27	2	0	0	3	1	1	1	1	1	1	0	1	0	1	0	0	0	4	3	0	5	0	6	7	32	7	3	2	0	0	4	1	1	0	2	1	1	0	5	0	6	0	2	0	1	1	0	0	2	0	0	0	3	2	1	2	0	3	1	1	1	5	0	0	5	3	1	5	0	0	1	0	1	1	0	0	0	0	0	1	0	1	0	1	0	0	0	1	0	3	1	0	1	1	0	0	1	0	0	2	0	7	0	41	0	1	1	2	1	0	0	1
"neg_DANCE_RDvsIR_2021_PG_Hedrha_Int1_BE3_1_12017"	1	0	0	5	1	0	12	0	1	9	0	2	1	6	0	0	1	0	1	0	4	0	1	0	5	4	6	0	2	3	1	3	3	2	0	4	0	1	0	0	0	6	0	0	5	0	2	0	0	0	0	1	1	1	0	0	1	5	1	0	2	2	0	0	0	0	0	0	0	18	1	2	2	4	0	2	1	0	0	1	0	1	1	0	0	5	1	1	4	1	0	2	1	0	0	0	0	1	0	1	144	35	1	1	1	1	1	1	1	1	1	1	0	0	0	1	0	0	1	1	3	0	8	0	9	10	44	2	5	3	0	0	1	5	0	1	1	2	2	0	1	0	3	0	1	0	0	3	0	0	1	0	0	0	1	3	1	0	0	1	1	0	4	3	3	0	3	0	0	4	0	0	2	0	1	1	0	1	0	0	0	0	0	1	0	1	1	1	1	0	0	7	3	0	1	0	1	0	0	0	0	2	0	3	1	25	1	0	0	1	0	0	0	0
"neg_DANCE_RDvsIR_2021_PG_Hedrha_Int2_RC5_1_11948"	3	0	0	5	0	0	16	0	2	10	0	2	2	6	0	0	1	0	2	0	4	0	1	1	5	2	7	0	2	3	1	4	4	2	0	5	1	2	0	0	0	5	1	0	5	0	3	1	0	0	0	1	2	1	0	0	0	6	1	0	2	2	1	0	0	0	0	1	1	19	1	3	1	4	0	1	0	0	0	1	0	0	1	0	0	4	2	3	2	1	0	1	0	0	0	0	0	1	3	1	170	40	1	1	2	1	1	1	1	0	1	1	0	2	1	1	0	1	0	2	5	0	7	0	10	9	47	2	3	3	0	0	1	4	1	2	1	1	1	0	2	0	2	0	0	0	0	5	0	0	3	0	0	0	5	3	1	1	0	2	1	0	5	3	3	0	4	1	0	4	1	0	2	0	0	1	0	1	0	0	0	0	0	2	0	1	1	1	1	1	0	9	1	0	1	0	2	0	1	0	1	3	1	3	1	31	0	1	1	2	0	0	0	0
"neg_DANCE_RDvsIR_2021_PG_Hedrha_Rd1_BE7_1_12021"	2	0	0	3	1	0	12	1	1	12	0	2	1	5	0	0	0	0	2	0	4	1	1	0	4	1	5	0	2	2	1	3	4	2	0	4	0	1	0	0	0	8	1	0	8	0	5	2	0	0	0	0	2	2	0	0	0	4	1	0	1	3	1	0	1	0	0	1	0	15	0	3	2	3	0	0	0	0	0	0	0	0	1	1	0	4	0	3	3	2	0	2	0	0	0	0	0	1	2	0	146	37	0	1	5	1	2	1	1	0	1	2	0	1	0	1	0	0	1	1	3	0	8	0	7	5	38	1	3	2	0	0	1	7	1	1	1	2	1	0	2	0	4	0	1	0	1	3	0	0	4	1	0	0	3	4	1	0	0	1	1	0	3	4	2	0	2	0	1	4	1	0	2	0	0	1	0	1	0	0	0	0	0	2	0	0	1	2	0	0	0	6	3	0	1	0	3	0	0	0	2	2	0	3	1	26	0	0	0	2	0	0	0	0
"neg_DANCE_RDvsIR_2021_PG_Hedrha_Rd2_GC6_1_12053"	2	0	0	4	1	0	15	1	1	13	1	2	3	5	1	0	2	0	0	0	4	0	1	1	6	1	7	0	3	5	1	3	4	2	1	5	0	1	1	0	0	9	1	0	7	0	2	1	0	0	0	1	2	2	0	0	1	4	2	0	2	4	2	0	1	0	0	0	0	20	0	3	2	5	0	1	0	0	0	1	0	1	1	1	0	4	1	3	2	0	1	2	0	0	0	0	0	1	3	1	216	48	1	1	1	2	2	1	1	0	1	1	1	1	2	3	0	1	1	4	4	1	9	0	12	12	63	1	4	3	1	0	2	6	0	1	1	2	1	0	1	0	4	0	1	0	1	3	0	1	2	0	0	0	5	4	1	0	0	2	1	0	5	4	3	0	3	1	1	2	1	0	2	0	1	1	0	1	0	0	1	1	0	3	0	1	1	1	1	1	0	11	3	0	1	0	3	0	1	0	2	4	1	8	2	43	1	2	0	3	0	0	0	0
"neg_DANCE_RDvsIR_2021_PG_Hedrha_Rd3_BE2_1_12016"	2	0	0	4	1	1	15	0	1	9	3	4	2	7	1	0	0	0	2	0	3	0	1	1	4	1	8	0	2	8	1	4	5	2	2	2	2	1	0	1	0	10	1	0	3	0	3	1	0	0	0	1	1	2	0	1	0	6	1	0	3	1	2	0	1	0	0	3	0	29	0	2	2	4	0	1	2	0	0	1	0	0	0	2	0	2	2	3	1	2	0	1	0	0	1	0	0	1	2	1	214	47	1	1	0	2	3	1	1	1	0	1	1	1	1	4	0	1	0	4	2	0	8	0	11	16	55	6	4	4	2	0	2	4	1	2	1	2	1	0	1	0	3	1	3	0	1	0	0	0	1	0	0	0	3	2	0	0	0	0	1	1	3	3	1	0	6	1	1	4	0	0	2	0	0	1	1	1	1	1	0	0	0	4	1	0	1	3	1	0	0	11	5	0	1	0	0	0	0	0	2	2	1	6	3	38	2	2	0	1	0	0	0	0
"neg_DANCE_RDvsIR_2021_PG_Hedrha_Rd4_BA4_1_11977"	1	0	0	5	1	0	13	1	1	11	0	3	1	6	1	1	1	0	3	0	5	0	1	1	5	2	5	0	1	4	0	3	6	3	1	6	2	0	0	0	0	8	1	0	7	0	4	0	0	1	0	1	2	2	0	0	1	5	1	0	3	1	1	0	0	0	0	3	0	21	0	3	2	4	0	0	1	0	0	1	0	0	1	1	0	4	1	3	3	2	0	2	0	0	0	0	0	2	2	1	192	44	1	1	1	4	2	1	1	1	1	1	0	3	3	3	0	1	1	2	4	0	7	0	8	16	52	2	4	3	0	0	2	6	1	2	1	1	2	0	1	0	4	0	0	0	1	3	0	0	1	1	0	0	3	3	1	0	0	2	0	1	3	3	3	0	3	1	2	3	1	0	2	0	0	1	0	1	1	0	0	0	0	1	1	0	1	2	1	0	0	10	2	0	2	0	3	0	1	0	2	4	1	8	1	36	0	1	0	3	1	0	0	0
"neg_DANCE_RDvsIR_2021_PG_Hedrha_Rd5_BE8_1_12022"	1	0	0	7	1	0	13	1	2	10	0	4	1	5	0	0	0	0	2	0	6	1	2	0	5	3	6	0	2	4	1	4	5	2	1	5	1	1	1	0	0	11	1	0	8	0	4	0	0	0	0	1	3	3	0	0	1	5	1	0	3	2	1	1	1	0	0	1	0	23	1	2	2	4	0	0	1	0	0	1	0	1	1	1	0	4	2	2	3	1	1	2	0	0	0	0	0	2	3	1	201	35	1	1	1	4	3	1	1	0	0	1	1	1	1	3	0	1	0	3	3	0	7	0	10	16	54	2	5	3	0	0	2	6	0	1	1	2	3	0	2	0	5	1	2	0	1	2	0	0	2	0	0	0	5	3	1	0	0	2	0	0	4	3	3	0	5	1	1	6	1	0	2	0	1	1	1	1	0	0	1	0	0	2	0	1	1	1	1	0	0	9	3	0	1	0	3	0	1	0	1	3	0	6	1	35	1	1	0	1	0	0	0	0
"neg_DANCE_RDvsIR_2021_PG_Hyphir_Int2_BE4_1_12018"	1	0	0	3	2	1	11	1	2	15	0	5	4	2	0	1	1	0	1	2	2	0	0	1	6	3	10	0	3	4	2	0	3	2	0	10	0	1	0	0	0	6	0	0	4	1	2	1	0	1	0	0	1	2	0	0	0	1	1	0	0	3	1	0	0	0	0	2	0	20	0	6	2	4	0	1	0	0	0	1	0	1	0	0	0	5	0	5	3	0	0	0	1	1	1	0	0	2	0	0	190	26	0	1	2	9	1	0	5	0	0	0	0	3	3	1	0	1	0	4	4	2	6	0	5	10	40	10	5	0	0	0	1	2	3	0	3	1	0	0	1	1	2	0	1	0	1	3	1	0	1	0	0	1	2	2	0	0	0	1	0	1	9	3	2	0	2	3	1	4	0	0	1	1	0	0	0	0	0	0	0	1	0	6	0	0	1	2	0	0	0	12	3	0	1	0	1	1	1	1	2	2	0	6	3	48	0	4	3	4	0	0	1	1
"neg_DANCE_RDvsIR_2021_PG_Hyphir_Int3_GD4_1_12059"	1	0	0	4	2	1	12	1	1	13	0	5	2	2	0	1	1	0	0	2	1	0	1	3	5	4	10	0	2	4	2	1	1	4	0	9	0	2	0	0	0	3	0	1	4	1	2	0	1	1	0	0	0	3	0	0	0	1	2	0	1	2	1	0	0	0	0	3	0	22	0	3	0	2	0	1	0	0	0	1	0	0	0	0	0	4	0	6	3	1	1	0	1	0	1	1	0	2	0	0	184	31	0	1	1	9	0	0	5	0	1	0	0	3	1	1	0	0	0	4	3	0	6	0	8	12	40	8	3	0	0	0	1	3	3	1	0	2	0	1	2	1	3	1	4	1	1	3	1	0	2	0	0	1	2	1	0	0	0	0	0	0	7	4	2	0	4	3	0	3	0	0	2	1	0	1	0	0	0	1	0	1	0	6	0	0	1	3	0	0	0	12	3	0	2	1	0	1	1	0	2	2	0	7	3	54	1	3	3	5	0	0	1	0
"neg_DANCE_RDvsIR_2021_PG_Hyphir_Int4_RC8_1_11951"	1	0	0	2	1	1	11	1	1	17	0	5	1	2	0	1	0	0	1	2	1	0	0	3	7	3	9	0	2	6	1	0	1	2	0	9	1	1	0	1	0	4	0	0	3	1	1	0	0	1	0	0	0	3	0	0	0	0	1	0	0	4	1	0	0	0	0	1	0	22	0	5	1	3	1	1	0	0	0	1	0	0	0	0	0	3	0	8	4	1	0	0	0	0	1	0	0	1	0	0	162	27	1	1	2	8	0	0	5	0	1	0	0	3	1	1	0	0	0	4	5	0	8	0	7	9	33	8	3	0	1	0	1	3	3	1	0	2	0	1	1	2	3	1	3	1	1	2	1	0	0	0	0	1	2	1	0	0	0	0	0	0	5	4	1	0	3	2	1	3	0	0	2	1	0	0	0	0	0	1	0	1	0	6	0	1	1	3	0	0	0	6	3	0	1	0	0	1	1	0	2	1	0	3	3	58	2	4	1	3	0	0	1	0
"neg_DANCE_RDvsIR_2021_PG_Hyphir_Int5_BC7_1_12002"	2	0	0	2	1	1	8	0	0	12	0	4	1	2	0	1	1	0	2	2	3	0	1	2	7	2	11	0	3	4	1	0	1	0	0	7	0	2	0	1	1	5	0	0	5	1	2	1	1	0	0	0	1	1	0	0	0	2	1	0	0	2	2	0	0	0	0	2	0	15	0	3	1	2	0	1	0	0	0	1	0	1	0	0	0	3	0	6	2	1	0	0	0	1	0	0	0	1	0	0	157	25	0	0	1	9	2	0	6	0	0	0	0	4	2	1	0	0	0	4	4	0	8	0	6	9	35	6	3	0	0	0	2	2	3	0	0	1	0	1	1	2	3	0	1	1	1	1	0	0	0	0	0	1	1	2	0	0	0	1	0	0	5	1	1	0	4	2	1	6	0	0	1	0	0	1	0	1	0	1	0	1	0	6	0	1	0	2	0	0	0	10	3	0	1	0	0	1	0	0	2	1	0	3	3	54	1	3	3	3	0	0	0	0
"neg_DANCE_RDvsIR_2021_PG_Hyphir_Rd1_RA8_1_11929"	1	0	0	2	3	1	9	1	1	15	0	6	1	3	0	1	0	0	0	1	1	0	0	1	4	3	7	0	3	4	2	0	1	0	0	9	0	2	0	1	1	4	0	1	5	0	0	0	1	1	0	0	1	2	0	0	0	0	1	0	0	2	2	0	0	0	0	2	0	17	0	5	0	4	0	1	0	0	0	1	0	1	0	0	0	5	0	6	1	1	0	0	1	1	0	0	0	1	0	0	158	21	0	1	1	8	1	0	5	0	1	0	0	2	3	1	0	0	0	4	2	1	7	0	5	10	30	8	5	0	0	0	2	1	3	1	0	2	0	0	1	1	2	0	2	0	1	1	1	0	1	0	0	1	2	1	0	0	0	1	0	0	6	3	2	0	3	2	1	2	0	0	1	0	0	0	0	1	0	1	0	1	0	4	0	0	1	3	0	0	0	11	3	0	0	0	0	0	0	0	2	1	0	4	2	47	0	3	3	4	0	0	0	0
"neg_DANCE_RDvsIR_2021_PG_Hyphir_Rd2_RB7_1_11939"	1	0	0	3	2	1	9	1	1	12	0	5	2	1	0	1	0	0	0	1	3	1	0	2	6	3	9	0	3	3	1	0	2	2	0	7	0	1	0	0	0	3	0	1	4	2	1	0	0	1	0	0	1	1	0	0	0	1	1	0	0	2	0	0	0	0	0	2	0	13	0	4	2	2	0	1	0	0	0	1	0	1	0	0	0	4	0	6	0	0	0	0	1	1	0	0	0	1	0	0	170	24	0	1	1	7	1	0	4	0	1	0	0	3	3	2	0	0	0	5	3	0	4	0	4	13	33	9	5	0	0	0	1	3	3	1	0	2	0	0	2	1	1	0	3	0	0	3	1	0	0	0	0	0	2	1	0	0	0	0	0	0	5	2	3	0	4	3	1	2	0	0	0	0	0	1	0	0	0	2	0	1	0	5	0	1	1	4	0	0	0	11	3	0	1	0	0	0	1	0	2	2	0	3	2	48	1	2	2	3	0	0	0	0
"neg_DANCE_RDvsIR_2021_PG_Hyphir_Rd3_RE6_1_11968"	2	0	0	3	3	1	9	0	1	13	0	6	4	2	1	1	0	0	0	1	3	0	0	2	7	3	10	0	2	4	2	0	1	2	0	8	0	1	0	1	0	2	0	1	4	1	2	0	1	1	0	0	0	2	0	0	0	0	1	0	1	3	1	0	0	0	0	3	0	20	0	5	1	3	0	1	0	0	0	1	0	1	0	0	0	5	0	6	2	0	0	0	1	0	0	0	0	1	0	0	174	20	1	1	2	8	1	0	5	0	1	0	0	3	2	1	0	0	0	4	2	1	6	0	5	13	39	5	3	0	0	0	1	0	3	1	1	2	0	1	1	2	2	1	3	0	1	1	1	0	1	0	0	1	1	1	0	0	0	0	0	0	8	2	2	0	3	2	1	3	0	0	1	1	1	1	0	0	0	1	0	1	0	6	0	1	1	1	0	0	0	10	3	0	1	0	0	0	1	1	3	1	0	4	3	50	1	3	3	5	0	0	0	0
"neg_DANCE_RDvsIR_2021_PG_Hyphir_Rd4_BE6_1_12020"	1	0	0	4	3	1	12	1	1	13	0	6	4	2	0	1	1	0	0	1	2	0	1	4	4	3	11	0	2	5	2	1	2	2	0	7	1	2	0	1	0	7	0	0	4	1	1	0	1	1	0	0	1	2	0	0	0	2	1	0	0	3	1	0	0	0	0	2	0	23	0	2	1	2	0	0	0	0	0	1	0	0	0	0	1	4	1	8	3	1	0	0	1	1	1	1	0	2	0	0	176	29	0	1	2	6	0	0	6	0	0	1	0	3	2	1	0	0	0	4	4	0	8	0	5	11	42	9	4	0	0	0	2	1	4	1	2	2	0	1	3	2	4	1	2	0	1	5	0	0	1	0	0	1	3	2	0	0	0	1	0	1	7	4	1	0	4	3	1	7	0	0	3	1	0	0	0	1	0	1	0	1	0	5	0	1	1	3	0	0	0	10	3	0	1	0	0	1	0	1	2	2	0	6	4	50	1	2	0	4	0	0	0	0
"neg_DANCE_RDvsIR_2021_PG_Hyphir_Rd5_GC7_1_12054"	1	0	0	2	2	1	10	0	0	13	0	5	3	3	1	1	1	0	2	1	3	0	1	2	4	3	10	0	3	5	1	0	1	1	0	10	0	1	0	0	0	5	1	0	4	1	1	0	1	0	0	0	1	2	0	0	0	1	1	0	0	2	2	0	0	0	0	1	0	19	0	2	0	3	0	1	0	0	0	1	0	0	0	0	0	4	0	7	2	1	0	0	1	1	1	1	0	1	0	0	164	25	0	1	1	8	1	0	7	0	0	0	0	3	2	1	0	0	0	5	3	0	8	0	5	15	36	8	3	0	0	0	2	4	1	1	0	2	0	1	1	2	2	0	4	1	1	1	0	0	0	0	0	1	1	2	0	0	0	1	0	0	8	2	3	0	5	3	0	4	0	0	1	1	1	1	0	1	0	1	0	1	0	6	0	0	1	3	0	0	0	9	4	0	2	0	0	1	0	1	2	1	0	2	3	64	1	4	3	3	0	0	0	0
"neg_DANCE_RDvsIR_2021_PG_Klener_Int1_RB3_1_11935"	2	0	0	5	0	0	10	1	1	6	1	4	3	5	0	0	0	0	0	0	2	0	2	3	9	0	5	0	3	3	3	2	3	3	2	5	0	1	1	0	1	4	1	0	2	0	4	3	0	0	0	0	3	4	0	1	0	2	2	1	1	3	1	1	0	0	0	2	0	15	0	2	3	5	0	0	0	0	1	1	0	1	0	0	0	4	1	2	2	2	0	0	0	0	0	0	0	3	0	0	159	32	1	1	11	3	1	2	1	1	1	0	0	3	0	2	0	1	0	3	3	1	9	0	7	7	30	5	0	2	0	0	0	3	1	3	1	2	1	0	3	0	3	0	0	0	1	0	0	0	2	1	1	0	4	2	0	0	0	0	2	1	4	4	0	1	7	2	1	3	0	0	1	0	1	0	0	1	0	1	1	0	0	2	2	0	0	2	0	1	1	6	3	0	1	1	0	0	0	0	1	2	0	3	1	28	0	1	0	1	2	0	0	0
"neg_DANCE_RDvsIR_2021_PG_Klener_Int2_BC8_1_12003"	2	0	0	5	1	1	12	1	1	3	1	4	3	3	1	0	1	0	0	0	2	0	1	2	8	1	5	0	3	2	2	2	2	2	1	5	0	1	1	0	1	3	1	0	3	0	3	4	0	0	0	0	3	4	0	1	0	2	2	1	2	3	0	1	1	0	0	1	0	17	0	1	1	4	0	0	0	0	1	1	0	0	0	0	0	2	0	2	2	0	0	0	0	0	0	0	0	1	0	0	153	24	1	1	10	3	1	2	3	1	1	1	1	2	0	2	0	1	0	4	3	1	9	0	7	4	23	6	0	2	0	0	0	1	1	2	0	2	1	0	2	0	3	0	1	0	1	1	0	0	1	1	0	0	4	2	0	0	0	0	1	0	4	4	0	1	5	3	1	1	0	0	1	0	1	0	0	1	0	1	0	0	0	2	1	0	0	1	0	0	1	4	3	0	1	0	0	0	1	0	1	2	0	3	0	20	0	0	0	1	1	0	0	0
"neg_DANCE_RDvsIR_2021_PG_Klener_Int3_BA8_1_11981"	3	0	0	4	2	1	13	1	1	5	1	1	4	5	0	1	0	0	0	0	2	0	1	1	9	2	6	0	3	3	1	3	2	2	1	8	1	1	1	0	0	3	1	0	3	0	3	3	0	0	0	0	2	2	0	1	0	2	3	1	2	3	0	1	0	0	0	1	0	17	0	0	3	3	0	0	0	0	1	1	0	2	0	0	0	2	1	2	4	0	0	0	0	0	0	0	0	0	0	0	154	28	1	1	8	3	1	1	0	1	0	0	0	1	0	3	0	1	1	2	4	0	9	0	6	4	25	6	1	3	0	0	1	3	1	3	0	1	0	0	3	0	5	0	1	0	1	1	0	0	2	1	0	0	3	2	0	0	0	0	0	0	4	5	1	1	6	3	1	4	0	0	1	0	1	0	0	1	0	1	0	0	0	0	2	0	0	1	0	0	1	3	4	0	1	0	0	0	1	0	1	1	0	4	0	19	0	1	1	1	1	0	0	0
"neg_DANCE_RDvsIR_2021_PG_Klener_Int4_BB6_1_11990"	0	0	0	1	0	0	2	0	0	1	1	1	0	1	0	0	1	0	0	0	1	0	0	0	2	1	2	0	0	0	0	1	0	1	0	1	0	2	1	0	0	0	1	0	0	0	2	1	0	0	0	0	3	1	0	0	0	0	2	0	0	2	0	0	0	0	0	0	0	2	0	0	0	0	0	0	0	0	0	0	0	0	0	0	0	0	0	1	1	0	0	0	0	0	0	0	0	1	0	0	29	6	0	1	9	3	0	0	2	0	0	1	0	0	0	3	0	0	0	0	0	0	5	0	0	0	6	2	0	0	0	0	0	0	0	0	0	1	0	0	0	0	0	0	1	0	0	0	0	0	0	0	0	0	0	1	0	0	0	0	0	0	1	3	0	0	0	0	0	0	0	0	0	0	1	0	0	0	0	0	0	0	0	0	1	0	0	0	0	0	1	1	0	0	0	0	0	0	0	0	1	0	0	0	0	1	0	0	0	1	0	0	0	0
"neg_DANCE_RDvsIR_2021_PG_Klener_Int5_RE1_1_11963"	2	0	0	3	1	1	11	1	1	6	1	3	4	4	1	0	1	0	1	0	3	0	1	2	8	1	6	0	5	3	2	3	2	2	1	7	1	1	1	0	0	5	0	0	3	0	4	3	0	0	0	0	2	4	0	1	0	2	2	0	1	4	0	1	1	0	0	1	0	16	0	0	3	4	1	0	0	0	1	1	0	1	0	0	0	2	2	2	3	1	1	0	0	0	0	0	0	0	1	0	164	29	1	1	10	3	1	1	0	1	1	1	1	2	0	2	0	0	0	3	4	1	10	0	6	5	26	6	1	2	0	0	1	1	1	2	0	1	2	0	2	0	2	0	1	0	1	2	0	0	1	1	0	0	5	2	0	0	0	0	0	1	4	4	1	1	7	2	1	3	0	0	1	1	1	0	0	1	0	1	0	0	0	3	0	1	0	3	0	0	1	3	1	0	1	0	0	0	0	0	0	1	0	5	1	30	0	0	0	1	1	0	0	1
"neg_DANCE_RDvsIR_2021_PG_Klener_Rd1_BD4_1_12007"	1	0	0	4	0	0	11	1	1	4	1	4	4	4	1	0	1	0	0	0	2	0	2	1	7	2	5	0	3	1	0	2	5	2	3	5	0	2	2	0	0	0	1	0	2	1	3	3	1	0	0	0	2	2	0	1	0	2	2	1	1	3	1	0	0	0	0	1	0	11	0	1	2	3	0	0	0	0	1	1	0	1	0	0	0	0	2	1	1	1	0	0	0	0	0	0	0	1	0	0	153	27	0	0	13	2	1	0	2	1	1	0	1	2	0	2	0	0	0	3	4	0	7	0	7	6	30	5	1	2	1	0	0	2	1	1	1	1	0	0	2	0	2	0	0	0	0	0	0	0	2	1	0	0	2	2	0	0	0	1	0	0	1	6	1	0	4	3	0	4	0	0	1	1	1	0	0	0	0	0	0	0	0	2	2	1	0	1	0	0	1	2	4	0	1	0	0	0	1	0	1	0	0	2	0	17	0	2	2	0	1	0	1	0
"neg_DANCE_RDvsIR_2021_PG_Klener_Rd2_BA6_1_11979"	2	0	0	3	0	0	10	1	1	3	1	3	2	3	0	0	0	0	2	0	2	0	1	0	9	1	7	0	3	4	2	2	2	2	2	8	1	1	1	0	0	2	1	0	2	0	3	3	0	0	0	0	2	3	0	1	0	2	2	1	1	3	1	1	1	0	0	1	0	14	0	1	0	6	1	0	0	0	1	1	0	0	0	0	0	3	1	4	2	2	0	0	0	0	0	0	0	1	0	0	147	32	0	0	12	2	0	2	2	1	1	1	0	2	0	3	0	0	0	2	4	0	9	0	7	4	25	4	1	1	0	0	0	1	1	2	0	1	0	0	2	0	3	0	1	0	0	2	0	0	1	1	0	0	4	2	0	0	0	0	0	0	3	4	0	1	9	3	1	4	0	0	1	0	1	0	0	1	0	1	0	0	0	1	2	1	0	2	0	1	1	4	3	0	1	0	0	0	0	0	2	2	0	3	0	24	0	0	0	0	0	0	0	0
"neg_DANCE_RDvsIR_2021_PG_Klener_Rd3_BB4_1_11988"	3	0	0	3	2	0	11	1	1	4	1	2	2	4	1	0	0	0	1	0	3	0	2	2	7	2	8	0	3	4	2	2	3	2	1	7	0	1	1	0	0	4	1	0	2	0	5	3	0	0	0	0	2	1	0	1	0	1	3	1	2	3	1	1	0	0	0	2	0	14	0	1	2	4	0	0	0	0	0	1	0	2	0	0	0	2	2	3	3	2	1	0	0	0	0	0	0	1	1	0	169	28	2	1	12	4	1	1	1	1	1	1	0	3	0	3	0	0	0	5	5	1	10	0	6	4	27	7	1	1	0	0	0	2	1	3	0	1	1	0	2	1	4	0	1	0	1	2	0	0	2	2	1	0	3	3	0	0	0	0	0	0	5	5	0	0	6	2	1	2	0	0	2	0	1	0	0	1	0	1	0	0	0	3	1	1	0	1	1	0	1	3	3	0	1	0	0	0	0	0	1	2	0	3	0	26	0	0	1	0	2	0	0	0
"neg_DANCE_RDvsIR_2021_PG_Klener_Rd4_GD6_1_12061"	3	0	0	5	0	0	12	1	1	7	1	2	3	3	0	1	0	0	0	0	2	0	1	1	8	0	6	0	3	3	2	1	2	2	2	5	1	1	1	0	1	2	1	0	2	0	4	2	0	0	0	0	3	3	0	1	0	2	2	1	1	3	0	1	0	0	0	1	0	17	0	0	4	3	1	0	0	0	1	1	0	2	0	0	0	2	1	2	2	1	0	0	0	0	0	0	0	1	2	0	149	32	1	1	11	4	1	2	0	1	1	1	0	1	0	3	0	0	0	4	5	1	10	0	8	5	26	7	2	2	0	0	1	1	1	2	0	2	1	0	1	0	3	0	2	0	1	2	0	0	1	1	0	0	4	2	0	0	0	0	0	0	4	5	0	1	7	3	1	3	0	0	1	1	1	0	0	1	0	0	0	0	0	3	1	1	0	2	0	1	1	3	3	0	1	0	0	0	1	0	1	0	0	5	0	22	0	1	1	1	2	0	0	0
"neg_DANCE_RDvsIR_2021_PG_Klener_Rd5_RD8_1_11962"	3	0	0	3	1	0	11	1	1	5	1	2	3	3	0	0	1	0	0	0	1	0	0	1	9	1	6	0	4	4	2	1	4	2	2	5	1	1	1	0	0	2	0	0	2	0	3	2	0	0	0	0	1	3	0	1	0	2	2	1	1	2	1	1	0	0	0	1	0	14	0	0	2	4	0	1	0	0	1	1	0	0	0	0	0	1	1	3	3	1	0	0	0	0	0	0	0	0	1	0	146	29	1	1	11	3	1	1	1	1	1	0	1	1	0	4	0	1	0	3	4	1	10	0	5	3	25	5	1	2	0	0	1	2	1	3	0	2	1	0	1	0	4	0	2	0	1	1	0	0	1	1	1	0	4	1	0	0	0	0	1	0	4	6	0	1	5	2	1	3	0	0	1	0	1	0	0	1	0	1	0	0	0	2	1	0	0	1	0	0	1	4	3	0	1	0	0	0	1	0	1	1	0	4	1	19	0	0	1	1	2	0	0	1
"neg_DANCE_RDvsIR_2021_SJ_Cenmel_Int1_GD7_1_12065"	6	1	1	6	2	1	11	1	3	13	4	6	3	5	1	1	1	0	4	1	6	0	0	2	5	3	7	1	4	9	0	2	9	4	1	8	1	1	1	0	0	10	1	1	11	0	4	2	0	1	0	1	1	1	0	0	1	3	2	1	2	3	2	0	1	1	1	3	0	35	2	5	4	12	1	1	3	0	1	1	2	1	5	1	0	3	2	6	4	3	0	2	0	0	1	0	0	2	3	0	296	73	1	1	1	10	1	0	1	0	1	1	0	2	2	4	2	1	0	4	3	3	11	1	11	9	58	8	4	3	4	0	1	7	1	3	3	1	4	1	2	0	3	1	2	5	1	6	1	0	1	1	0	0	5	3	0	0	0	5	1	2	3	2	4	0	8	2	1	9	1	8	1	0	1	2	1	2	0	1	1	1	1	4	0	0	1	3	0	0	0	12	5	0	2	0	0	1	1	0	3	0	2	8	3	46	1	1	0	5	2	1	0	1
"neg_DANCE_RDvsIR_2021_SJ_Cenmel_Rd1_GB3_1_12039"	2	1	0	5	2	1	13	1	6	12	4	5	3	4	1	1	1	0	3	1	4	1	2	1	4	1	6	1	5	9	1	2	9	5	2	7	2	0	1	0	0	10	1	0	9	1	4	2	0	0	0	1	1	2	0	0	1	2	2	0	2	4	2	0	1	0	0	4	2	36	1	4	4	10	2	1	3	1	1	1	2	0	6	0	0	4	3	4	7	2	0	1	0	0	1	0	0	2	2	0	273	67	1	1	1	2	0	0	1	0	1	1	0	3	1	2	2	0	0	3	5	3	11	1	10	11	52	9	3	5	3	0	2	6	1	3	3	1	3	0	1	0	3	1	1	5	1	4	1	1	3	2	0	0	4	2	0	0	0	2	2	1	7	5	4	0	7	1	1	8	0	6	1	0	1	2	1	1	1	2	1	1	0	4	1	0	0	3	0	0	0	10	5	0	3	1	0	2	3	0	2	0	2	6	5	47	1	1	0	4	2	1	0	2
"neg_DANCE_RDvsIR_2021_SJ_Cenmel_Rd3_RB5_1_11937"	3	1	1	6	2	1	14	1	5	13	4	5	3	3	1	0	1	0	2	1	3	0	2	2	5	2	7	1	4	9	1	2	11	2	2	5	2	0	1	0	0	7	3	0	7	1	5	0	0	1	0	1	1	1	0	0	1	3	0	0	2	3	1	0	2	0	0	3	2	33	0	4	5	11	1	0	3	1	1	1	2	0	6	0	0	3	2	4	3	0	0	1	0	0	1	0	0	3	1	0	278	72	1	1	1	3	2	1	1	0	1	1	0	2	2	2	1	1	0	2	4	3	12	1	11	8	49	10	2	5	3	0	2	4	1	3	2	0	4	0	1	0	2	1	1	5	1	6	1	1	2	2	0	0	4	3	0	0	0	2	2	1	5	4	4	0	7	1	1	7	1	8	2	0	1	2	1	2	0	0	1	0	0	2	1	0	0	3	1	0	0	10	4	0	4	0	0	1	3	0	3	1	1	6	3	42	1	2	0	5	2	1	0	2
"neg_DANCE_RDvsIR_2021_SJ_Cenmel_Rd4_RA4_1_11925"	3	1	0	6	2	1	13	1	4	16	4	4	4	4	1	0	1	1	4	1	4	0	2	1	4	3	6	1	3	8	0	2	11	5	2	5	2	1	1	0	0	8	3	0	7	1	4	2	0	0	0	1	1	1	1	0	1	2	1	1	2	2	2	1	2	0	0	1	2	29	1	3	4	9	2	0	3	1	0	1	2	1	7	0	0	3	2	5	3	0	0	1	0	0	1	0	0	2	2	0	256	60	1	1	1	3	2	1	1	1	1	1	0	2	1	3	2	1	0	3	5	2	13	1	12	8	47	9	3	5	1	0	1	5	1	2	3	1	4	1	0	0	3	1	1	5	1	4	1	1	1	2	0	0	2	2	0	0	0	3	1	2	5	4	4	0	9	2	1	9	1	7	2	0	1	2	1	2	0	2	1	0	0	2	0	0	1	3	0	0	0	8	5	0	3	0	0	1	1	0	2	0	2	5	3	59	1	1	0	3	1	1	0	2
"neg_DANCE_RDvsIR_2021_SJ_Censet_Int1_RE2_1_11964"	1	0	1	3	0	1	10	0	3	12	0	4	4	3	0	0	1	0	1	2	3	0	0	2	7	1	6	0	3	5	1	2	1	1	0	3	1	0	0	1	0	6	1	0	7	0	1	0	0	0	0	0	0	2	0	0	0	1	1	0	0	1	1	0	0	1	1	1	0	25	0	3	2	4	1	0	0	0	0	1	0	0	0	0	0	1	0	7	2	1	1	0	1	0	0	0	0	3	1	0	150	27	0	0	0	2	1	0	0	0	1	0	0	2	1	0	0	0	1	1	4	0	4	0	5	11	39	5	3	1	1	0	1	3	1	1	0	1	0	0	2	0	2	0	1	1	1	0	0	0	2	0	0	1	2	2	0	0	0	1	0	0	3	3	3	0	3	1	1	2	0	0	1	1	0	1	0	1	0	1	0	1	0	2	1	1	0	0	0	1	0	0	3	0	0	0	0	0	0	0	1	1	0	2	4	39	2	1	1	3	0	0	0	0
"neg_DANCE_RDvsIR_2021_SJ_Censet_Rd1_GE3_1_12069"	1	0	1	1	1	1	12	1	2	11	0	4	3	2	0	1	1	0	0	1	1	0	0	1	3	1	6	0	3	5	0	3	0	1	0	4	1	1	0	1	0	5	1	0	4	0	1	1	0	0	0	0	0	2	0	0	0	0	1	0	0	3	1	0	0	0	0	2	0	20	0	2	0	4	1	0	0	0	0	1	0	0	0	0	0	1	0	7	2	0	0	0	1	0	0	0	0	1	1	0	155	22	0	0	0	1	1	0	1	1	1	0	0	2	1	0	0	0	0	0	3	0	5	0	5	12	35	4	3	1	0	0	2	1	2	1	0	1	0	0	2	0	3	0	2	1	0	2	0	0	2	0	0	1	2	1	0	0	0	0	1	0	2	1	1	1	3	1	0	2	0	0	1	0	0	1	0	1	0	0	0	0	0	1	0	1	0	0	0	1	0	0	2	0	0	0	0	1	1	0	1	2	0	3	3	20	1	1	0	2	0	0	0	1
"neg_DANCE_RDvsIR_2021_SJ_Hedrha_Rd1_RC1_1_11941"	2	0	0	7	2	0	15	1	2	12	0	3	3	4	0	0	0	0	1	0	7	0	2	1	5	3	7	1	2	5	0	2	6	3	1	6	1	1	0	0	0	6	1	0	3	0	3	0	0	0	0	1	2	2	0	0	1	5	2	0	1	3	1	0	1	0	0	0	0	23	0	2	2	5	0	0	0	0	0	1	0	0	2	1	0	4	2	3	1	1	1	1	0	0	0	0	0	1	2	0	196	42	1	1	0	2	2	1	1	1	1	1	1	1	1	0	0	1	0	3	2	0	8	0	9	12	52	2	3	3	1	0	2	7	1	2	1	2	1	0	1	1	4	0	0	0	1	1	1	0	2	0	0	0	4	3	1	0	0	0	1	0	3	4	3	0	7	1	1	3	1	1	2	0	1	1	1	1	1	1	1	0	0	5	0	0	1	3	0	0	0	10	2	0	2	1	3	0	1	0	1	2	1	7	2	50	1	1	0	1	0	1	0	0
"neg_DANCE_RDvsIR_2021_SJ_Hedrha_Rd2_RB1_1_11930"	1	0	0	4	2	0	13	1	2	11	1	2	3	6	1	0	2	0	1	0	5	0	2	3	7	3	6	0	2	2	1	2	5	2	1	7	0	1	0	0	0	8	1	0	4	0	4	0	0	0	0	1	2	2	0	0	1	6	1	0	1	2	2	0	0	0	0	0	0	19	0	3	2	5	0	0	1	0	0	1	0	0	1	1	0	4	2	4	3	1	0	1	0	0	0	0	0	1	3	0	201	46	2	0	1	2	1	1	1	1	0	1	0	1	2	3	0	1	1	4	4	0	8	0	9	7	48	1	4	4	0	0	1	6	1	1	1	2	3	0	4	0	3	1	0	1	0	2	0	0	3	0	0	0	5	4	1	0	0	2	0	1	4	3	3	0	5	1	1	3	1	0	2	0	2	1	0	2	0	0	1	1	0	5	0	1	1	2	0	0	0	12	2	0	2	0	3	0	1	0	0	3	0	5	1	38	1	1	0	2	0	0	0	1
"neg_DANCE_RDvsIR_2021_SJ_Hedrha_Rd3_BC5_1_12000"	2	0	0	5	2	0	14	1	1	13	1	5	3	8	1	0	2	0	0	0	5	0	2	2	6	3	5	0	4	4	2	3	7	3	2	9	2	1	0	0	1	8	1	0	5	0	3	1	0	1	0	1	3	2	0	0	1	4	0	1	2	2	2	0	1	0	0	0	1	23	0	3	4	4	0	0	2	0	0	1	0	1	1	1	0	2	2	3	3	3	1	2	0	0	1	0	0	2	2	0	211	47	1	1	1	4	3	1	1	1	1	1	1	2	2	3	0	1	0	3	5	0	5	0	11	10	59	4	4	3	1	0	2	7	1	1	1	2	1	0	2	0	4	1	2	0	1	3	1	0	1	0	0	0	5	3	1	0	0	2	1	1	2	3	3	0	4	3	2	4	1	0	2	0	1	1	0	2	0	1	0	1	0	4	0	0	1	2	1	1	0	11	2	0	2	0	3	0	1	0	2	4	0	7	2	45	1	1	0	2	0	0	0	0
"neg_DANCE_RDvsIR_2021_SJ_Hedrha_Rd4_RE3_1_11965"	2	0	0	5	2	0	10	0	1	10	1	3	1	6	1	0	0	0	0	1	5	0	2	1	3	2	7	0	2	3	2	3	8	3	1	5	1	0	0	0	0	8	1	0	5	0	4	0	0	1	0	1	2	2	0	1	1	4	1	0	2	1	1	0	1	0	1	2	0	23	1	2	3	4	0	0	1	0	0	1	0	0	1	0	0	2	1	2	2	1	1	1	0	0	1	0	0	2	1	0	209	44	1	1	2	2	2	1	1	1	1	1	1	1	2	3	0	1	0	4	1	0	7	0	12	8	47	3	5	3	1	0	2	6	0	1	1	2	2	0	2	0	3	0	2	0	1	3	1	0	1	1	0	0	5	3	1	0	0	2	1	1	4	5	2	0	5	3	1	5	0	0	2	1	1	1	0	1	2	0	1	0	0	4	0	1	1	3	0	0	0	10	4	0	2	0	3	0	0	0	3	3	0	6	2	42	1	0	0	2	0	0	0	0
"neg_DANCE_RDvsIR_2021_SJ_Hyphir_Int1_RD7_1_11961"	1	0	0	2	1	1	8	1	2	15	0	6	4	2	1	1	1	0	1	2	1	0	0	2	6	4	10	1	3	3	1	1	0	3	0	4	1	1	0	1	0	5	1	0	4	1	0	1	1	1	0	0	0	3	0	0	0	2	1	0	1	4	2	0	0	0	0	3	0	17	0	3	2	2	1	1	0	0	0	1	0	0	0	1	0	2	0	7	3	2	0	0	2	0	0	1	0	1	0	0	159	33	0	1	1	5	1	0	5	0	1	0	0	2	1	1	0	0	0	4	3	0	10	0	3	6	45	4	4	0	1	0	1	2	3	1	2	1	0	1	1	1	2	0	3	1	1	2	1	0	0	0	0	1	3	1	0	0	0	0	0	0	5	3	2	0	3	1	0	6	0	0	1	0	0	1	0	1	0	1	0	1	1	6	0	1	1	3	0	0	0	8	4	0	0	0	1	0	1	0	1	2	0	4	2	50	0	3	1	3	0	0	0	0
"neg_DANCE_RDvsIR_2021_SJ_Hyphir_Rd1_BD5_1_12008"	2	0	0	2	2	1	12	0	2	14	0	5	4	4	0	1	1	0	1	2	4	0	0	2	9	3	11	0	3	5	0	2	1	3	0	7	1	1	0	0	0	5	0	1	5	1	2	1	1	1	0	0	1	1	0	0	0	1	2	0	0	3	1	0	0	0	1	3	0	25	0	4	1	2	1	1	0	0	0	1	0	0	0	0	1	2	0	7	3	0	1	0	0	0	0	1	0	1	0	0	174	25	0	1	2	8	1	0	7	0	0	0	0	4	1	2	0	0	0	4	4	0	9	0	5	11	43	6	5	1	0	0	2	3	4	1	1	2	1	1	2	0	2	0	3	0	1	3	1	0	0	0	0	1	3	2	0	0	0	0	0	0	7	2	1	0	5	1	0	4	0	0	2	1	0	1	0	1	0	1	0	1	0	6	0	1	1	1	0	0	0	13	2	0	1	0	0	0	0	0	1	2	0	5	3	47	1	3	1	3	0	0	1	0
"neg_DANCE_RDvsIR_2021_SJ_Hyphir_Rd2_GD1_1_12056"	2	0	0	5	1	1	12	1	1	15	0	6	2	3	0	1	1	0	0	2	5	0	0	1	8	4	10	0	2	5	1	2	2	3	0	7	0	1	0	1	0	7	1	0	6	1	2	0	1	0	0	0	1	2	0	0	0	1	1	0	0	3	2	0	0	0	0	4	0	28	0	4	0	2	0	1	0	0	0	1	0	0	0	0	1	2	1	8	4	2	0	0	0	1	0	1	0	2	0	0	178	26	0	1	2	9	0	0	7	0	0	0	0	3	1	1	0	0	0	4	3	0	10	0	5	11	44	6	3	0	0	0	2	1	3	1	1	1	0	1	3	0	3	0	4	1	1	3	1	0	2	0	0	1	2	2	0	0	0	1	0	0	8	4	1	0	4	2	1	6	0	0	2	0	0	0	0	0	0	1	0	1	0	6	0	1	1	3	0	0	0	8	2	0	1	0	0	1	0	0	2	1	0	6	3	57	1	3	1	4	0	0	1	0
"neg_DANCE_RDvsIR_2021_SJ_Hyphir_Rd3_RC2_1_11942"	1	0	0	2	2	1	10	1	2	10	0	6	2	3	0	1	1	0	0	2	2	0	1	2	6	3	10	0	2	5	2	0	1	4	0	9	1	2	0	0	0	3	1	0	3	1	1	0	1	0	0	0	1	2	0	0	0	1	1	0	1	4	2	0	0	0	1	2	0	25	0	3	3	4	0	1	0	0	0	1	0	0	0	0	0	3	1	6	4	1	1	0	0	1	0	1	0	1	0	0	190	26	1	1	2	5	1	0	7	0	0	0	0	4	1	2	0	0	0	4	5	0	5	0	6	9	43	5	3	0	0	0	3	1	3	1	1	2	2	1	1	2	3	0	1	0	1	2	1	0	2	0	0	1	3	2	0	0	0	0	0	0	7	3	2	0	3	2	0	2	0	0	2	1	0	1	0	2	0	1	0	1	0	5	0	1	1	3	0	0	0	12	4	0	0	0	0	0	0	0	2	1	0	5	3	51	1	4	1	4	0	0	0	0
"neg_DANCE_RDvsIR_2021_SJ_Hyphir_Rd4_GB6_1_12042"	1	0	0	3	1	0	11	0	2	13	0	5	4	3	0	1	1	0	1	2	2	0	0	3	3	5	11	0	3	6	2	1	2	2	0	6	0	1	0	1	0	6	2	0	6	1	2	1	1	1	0	0	1	2	0	0	0	1	1	0	1	4	2	0	0	0	0	2	0	23	0	3	3	1	0	0	0	0	0	1	0	1	0	1	1	4	1	7	2	1	1	0	1	1	1	1	0	2	0	0	180	27	1	1	2	9	0	0	7	0	1	0	0	3	1	1	0	0	0	3	6	0	7	0	7	18	40	8	4	1	1	0	1	2	3	1	2	2	0	1	2	1	2	1	3	1	1	4	1	0	1	0	0	1	4	1	0	0	0	0	0	0	7	3	1	0	4	1	1	4	0	0	1	0	0	0	0	0	0	1	0	1	0	4	0	1	1	3	0	0	0	10	3	0	2	0	0	0	1	0	2	3	0	5	3	53	1	4	2	3	0	0	1	0
"neg_DANCE_RDvsIR_2021_SJ_Hyphir_Rd5_BC1_1_11993"	1	0	0	4	2	1	11	0	1	14	0	5	3	2	0	1	1	0	2	1	2	0	0	2	8	1	9	0	3	5	1	2	1	0	0	11	0	1	0	1	0	3	0	0	7	1	1	0	1	1	0	1	1	2	0	0	0	0	1	0	0	3	2	0	0	0	0	1	0	19	0	4	1	1	0	1	0	0	0	1	0	1	0	0	1	3	0	7	4	2	0	0	1	1	0	1	0	1	0	0	184	27	0	1	2	8	1	0	8	0	0	0	0	3	1	1	0	0	0	4	4	1	6	0	6	14	39	8	4	0	0	0	2	2	4	2	1	1	0	1	1	1	1	0	3	1	1	3	1	0	0	0	0	0	2	1	0	0	0	1	0	0	7	3	1	0	5	2	1	6	0	0	1	1	0	1	0	0	0	1	0	1	0	5	0	0	1	3	0	0	0	6	3	0	1	0	0	0	0	0	2	1	0	5	3	57	1	3	2	5	1	0	1	0
"neg_DANCE_RDvsIR_2021_SJ_Klener_Int1_BA5_1_11978"	1	0	0	2	0	0	13	0	1	7	0	3	3	3	0	0	0	0	0	0	1	0	1	1	8	1	6	0	4	3	2	2	0	2	2	7	1	1	1	0	0	3	1	0	2	0	3	3	0	0	0	0	3	3	0	1	0	1	2	1	1	2	1	1	0	0	0	1	0	15	0	0	1	4	0	1	0	0	0	1	0	1	0	0	0	2	2	3	1	0	0	0	0	0	0	0	0	1	1	0	148	27	0	0	13	5	1	2	1	0	1	0	1	3	0	3	0	0	0	2	3	1	10	0	8	4	27	5	0	1	0	0	0	1	1	2	0	2	0	0	2	0	5	0	0	0	1	1	0	0	2	1	1	0	3	1	0	1	0	0	0	0	5	4	0	1	5	2	0	3	0	0	1	0	1	0	0	0	0	0	0	0	0	2	2	1	1	2	0	0	1	4	2	0	1	0	0	0	1	0	1	2	0	2	0	23	0	1	1	1	2	0	0	1
"neg_DANCE_RDvsIR_2021_SJ_Klener_Int2_GC8_1_12055"	4	0	0	5	2	1	16	1	1	6	1	2	3	2	1	0	1	0	0	0	1	0	1	1	8	1	6	0	4	4	2	2	0	2	0	7	1	1	1	0	0	3	1	0	0	0	4	4	0	0	0	0	2	3	0	1	0	1	2	1	1	2	1	1	1	0	0	1	0	20	0	1	4	3	0	0	0	0	1	1	0	2	0	0	0	2	1	3	2	1	0	0	0	0	0	0	0	2	0	0	173	34	1	1	13	4	1	1	1	1	1	1	1	3	0	4	0	0	0	3	3	0	11	0	8	4	27	6	1	2	1	0	1	3	1	2	0	2	2	0	2	0	2	0	1	0	1	1	0	0	2	0	1	0	4	3	0	1	0	0	1	0	5	3	0	1	7	2	1	3	0	0	1	1	1	0	0	1	0	1	0	0	0	3	3	0	0	3	0	0	1	5	5	0	1	0	0	0	0	0	1	1	0	4	0	23	0	1	1	1	2	0	0	0
"neg_DANCE_RDvsIR_2021_SJ_Klener_Int3_BD3_1_12006"	2	0	0	4	1	0	12	0	1	6	1	2	3	3	1	0	1	0	1	0	2	0	1	3	7	1	7	0	3	4	3	2	0	2	1	8	1	1	1	0	0	3	1	0	2	0	3	3	0	0	0	0	2	2	0	1	0	3	3	0	1	3	1	2	2	0	0	2	0	21	0	1	4	4	0	0	0	0	1	1	0	2	0	0	0	3	1	2	2	1	1	0	0	0	1	0	0	1	1	0	180	31	1	0	10	2	1	1	1	1	1	0	1	3	0	4	0	1	0	3	6	0	13	0	10	5	31	5	1	2	0	0	0	2	1	2	0	2	0	0	2	0	4	0	2	0	0	0	0	0	2	1	1	0	4	2	0	1	0	0	1	0	3	3	1	1	5	2	1	2	0	0	1	1	1	0	0	1	0	1	1	0	0	3	2	1	0	1	0	0	1	6	2	0	1	0	0	0	1	0	1	2	0	5	0	28	0	1	0	1	2	0	0	1
"neg_DANCE_RDvsIR_2021_SJ_Klener_Int4_GB7_1_12043"	3	0	0	4	1	1	11	0	1	6	1	3	3	3	1	0	0	0	0	0	1	0	1	3	8	0	6	0	4	5	4	2	3	3	2	7	2	1	1	0	1	4	1	0	3	0	3	4	0	0	0	0	2	3	0	1	0	2	1	1	2	3	0	2	2	0	0	2	0	19	0	1	2	7	0	0	1	0	1	1	0	1	0	0	0	4	2	2	2	1	0	0	0	0	0	0	0	0	2	0	177	36	2	1	12	3	1	0	1	1	1	1	0	1	0	5	0	1	0	4	3	2	11	0	4	6	27	4	1	0	0	0	1	4	1	1	0	2	1	0	3	0	2	0	1	0	1	1	0	0	1	0	1	0	5	3	0	0	0	0	0	1	5	6	0	1	7	2	1	8	0	0	1	1	1	0	0	0	0	1	0	0	0	2	2	0	0	1	0	0	1	5	3	0	2	0	0	0	0	0	2	2	0	6	3	30	0	0	0	1	1	0	0	0
"neg_DANCE_RDvsIR_2021_SJ_Klener_Int5_GA1_1_12026"	3	0	0	5	0	1	10	1	1	5	1	5	3	4	0	1	0	0	2	0	1	0	2	2	7	3	7	0	3	5	3	5	2	2	1	8	1	1	1	0	0	3	2	0	4	0	3	3	0	0	0	1	3	1	0	1	0	2	2	1	1	2	1	2	2	0	0	2	0	23	0	1	2	7	0	0	1	1	1	1	0	0	0	0	0	3	1	3	4	1	1	0	0	0	0	0	0	1	3	0	184	35	1	1	13	4	1	1	1	1	0	0	1	3	0	5	0	0	0	3	6	2	9	0	10	11	37	8	1	2	0	0	0	4	1	3	1	2	2	0	2	0	3	0	1	0	1	0	0	1	2	1	1	0	2	3	0	1	0	0	0	1	3	4	0	1	8	2	1	8	0	0	1	0	1	1	0	1	0	1	1	0	0	5	1	0	0	2	1	1	1	7	4	0	2	0	0	0	0	0	1	2	0	6	3	40	0	0	0	2	2	0	0	1
"neg_DANCE_RDvsIR_2021_SJ_Klener_Rd1_RB8_1_11940"	2	1	0	4	0	0	11	1	2	8	1	2	5	3	0	1	0	0	0	0	2	0	2	2	7	1	7	0	4	3	3	2	1	2	1	4	2	1	1	0	0	2	1	1	4	1	1	2	0	0	0	0	3	3	0	1	0	1	1	1	2	4	2	1	0	0	0	1	0	19	0	0	0	4	0	0	0	0	1	1	0	0	0	0	0	0	2	4	2	1	0	0	1	0	0	0	0	4	0	0	161	31	1	0	12	3	1	2	1	1	1	1	0	3	0	4	0	1	0	3	5	1	11	0	7	4	28	7	0	1	0	0	0	2	1	1	1	2	0	0	3	0	3	0	1	0	1	1	1	0	3	1	1	0	4	2	0	0	1	1	1	0	3	3	1	0	5	2	1	2	0	0	1	0	0	0	0	0	1	1	0	0	0	2	3	1	0	2	0	0	1	4	4	0	1	0	0	0	1	0	0	2	0	4	1	27	0	0	0	1	2	0	0	0
"neg_DANCE_RDvsIR_2021_SJ_Klener_Rd2_RD5_1_11956"	1	0	0	3	1	1	10	1	1	4	1	4	3	3	1	0	1	0	0	0	3	0	1	1	8	2	6	0	3	3	3	2	1	2	2	5	1	1	1	0	0	3	1	0	2	0	3	3	0	0	0	1	3	4	0	1	0	3	3	1	1	2	1	1	0	0	0	1	0	16	0	0	3	3	1	0	0	0	1	1	0	2	0	0	0	2	1	3	1	1	0	0	0	0	0	0	0	3	3	0	163	29	1	1	12	4	1	1	1	1	1	1	0	3	0	5	0	1	0	3	5	1	10	0	7	5	27	3	1	2	0	0	0	1	1	1	0	2	1	0	2	0	3	0	1	0	1	1	0	0	2	1	0	0	5	2	0	0	0	1	1	0	3	5	1	1	7	2	1	3	0	0	1	1	1	0	0	0	0	0	0	0	0	1	2	1	0	2	0	0	1	3	2	0	1	0	0	0	0	0	1	2	0	5	1	26	0	0	0	1	0	0	0	0
"neg_DANCE_RDvsIR_2021_SJ_Klener_Rd3_BB8_1_11992"	3	0	0	5	2	0	11	1	1	5	1	3	3	4	1	0	0	0	1	0	1	0	0	2	8	3	6	0	2	3	1	3	1	2	2	8	1	0	1	0	1	3	1	0	3	0	4	3	0	0	0	1	1	3	0	1	0	2	2	1	1	3	0	2	0	0	0	2	0	17	0	1	3	4	0	0	0	0	1	1	0	1	0	0	0	1	0	2	2	1	1	0	0	0	0	0	0	2	2	0	175	26	2	0	13	3	1	1	1	1	1	0	1	2	0	5	0	1	0	3	7	1	9	0	9	6	30	6	2	2	0	0	2	2	1	1	0	2	1	0	2	1	2	0	1	0	1	1	0	0	1	1	1	0	6	3	0	0	0	0	1	0	3	3	0	1	7	2	1	5	0	0	1	1	1	0	0	0	0	1	0	0	0	4	1	1	0	2	0	0	1	5	2	0	1	0	0	0	1	0	2	2	0	7	0	28	0	0	1	1	2	0	0	1
"neg_DANCE_RDvsIR_2021_SJ_Klener_Rd4_BB7_1_11991"	2	0	0	3	1	1	13	1	0	4	0	4	4	2	1	1	0	0	0	0	2	0	1	3	9	2	6	0	3	3	2	1	1	2	1	5	1	0	1	0	1	5	1	0	2	0	3	3	0	0	0	1	2	3	0	0	0	2	1	1	1	3	1	2	0	0	0	1	0	17	0	1	3	4	0	0	0	0	0	1	0	1	0	0	0	2	1	2	2	2	0	0	0	0	0	0	0	2	2	0	165	31	1	1	12	2	1	1	1	1	1	0	1	0	0	5	0	1	0	3	6	1	10	0	5	8	30	4	1	1	0	0	1	3	1	2	0	2	2	0	2	0	2	0	0	0	1	1	0	1	1	1	1	0	2	2	0	1	0	0	2	0	6	3	1	0	6	2	1	2	0	0	1	1	1	0	0	1	0	1	0	0	0	3	1	0	0	1	0	0	1	4	3	0	1	0	0	0	0	0	1	2	0	4	1	20	0	0	1	1	1	0	0	0
"neg_DANCE_RDvsIR_2021_SJ_Klener_Rd5_RA5_1_11926"	3	0	0	4	0	0	10	1	1	4	1	2	4	4	1	0	0	0	1	0	1	0	2	1	7	1	5	0	2	4	3	2	1	2	1	7	1	1	1	0	1	2	1	0	1	0	2	3	0	0	0	0	2	3	1	1	0	3	1	1	1	3	2	1	1	0	0	2	0	16	0	0	1	2	0	0	0	0	1	1	0	0	0	0	0	2	1	2	3	2	0	0	0	0	0	0	0	1	1	0	131	22	1	1	11	3	1	1	1	1	1	0	1	2	0	4	0	0	0	2	4	1	10	0	6	7	24	4	0	1	0	0	1	2	1	1	1	2	0	0	1	0	2	0	1	0	1	1	0	0	0	0	0	0	2	1	0	0	0	0	0	1	4	4	0	1	6	1	0	4	0	0	1	1	1	0	0	0	0	0	0	0	0	3	2	0	0	1	0	1	1	2	3	0	2	0	0	0	1	0	1	2	0	4	2	23	0	0	0	1	1	0	0	0
