"Yohimbine alkaloids"	"Benzenoids"	"Benzene and substituted derivatives"	"Anilides"	"Benzenesulfonamides"	"Benzenesulfonyl compounds"	"Benzoic acids and derivatives"	"Benzoic acid esters"	"Halobenzoic acids and derivatives"	"Diphenylmethanes"	"Halobenzenes"	"Chlorobenzenes"	"Fluorobenzenes"	"N-phenylureas"	"Nitrobenzenes"	"Phenoxy compounds"	"Trifluoromethylbenzenes"	"Naphthalenes"	"Naphthols and derivatives"	"Phenol ethers"	"Anisoles"	"Phenols"	"1-hydroxy-2-unsubstituted benzenoids"	"Thiophenol ethers"	"Lipids and lipid-like molecules"	"Fatty Acyls"	"Fatty acid esters"	"Fatty acids and conjugates"	"Halogenated fatty acids"	"Long-chain fatty acids"	"Medium-chain fatty acids"	"Straight chain fatty acids"	"Thia fatty acids"	"Unsaturated fatty acids"	"Alkyl glycosides"	"Fatty acyl glycosides of mono- and disaccharides"	"Acyl CoAs"	"Fatty alcohols"	"Long-chain fatty alcohols"	"N-acyl amines"	"1-1Z-alkenyl,2-acylglycerophosphoethanolamines"	"Phosphatidylethanolamines"	"Prenol lipids"	"Diterpenoids"	"Sesquiterpenoids"	"Terpene glycosides"	"Diterpene glycosides"	"Triterpene glycosides"	"Triterpenoids"	"Limonoids"	"Neutral glycosphingolipids"	"Steroids and steroid derivatives"	"Hydroxy bile acids, alcohols and derivatives"	"Hydroxysteroids"	"3-hydroxysteroids"	"3-oxosteroids"	"Steroidal alkaloids"	"5-5-dinucleotides"	"Flavin nucleotides"	"Purine nucleosides"	"Purine 2-deoxyribonucleosides"	"Purine nucleotides"	"3,5-cyclic purine nucleotides"	"Purine nucleotide sugars"	"Purine ribonucleoside diphosphates"	"Purine ribonucleoside monophosphates"	"Pyrimidine 2-deoxyribonucleosides"	"Pyrimidine nucleotide sugars"	"C-nitro compounds"	"Boronic acid derivatives"	"Boronic acid esters"	"Carboxylic acids and derivatives"	"Amino acids, peptides, and analogues"	"Amino acids and derivatives"	"Peptides"	"Carboxylic acid amides"	"Carboxylic acid esters"	"Carboxylic acids"	"Dicarboxylic acids and derivatives"	"Hydroxy acids and derivatives"	"Dithiophosphate S-esters"	"Organosulfonic acids and derivatives"	"Organic sulfuric acids and derivatives"	"Cyclic depsipeptides"	"Hybrid peptides"	"Organonitrogen compounds"	"Aralkylamines"	"Tertiary amines"	"Guanidines"	"N-arylamides"	"Alcohols and polyols"	"Cyclic alcohols and derivatives"	"Primary alcohols"	"Secondary alcohols"	"Carbohydrates and carbohydrate conjugates"	"Aminosaccharides"	"Glycosyl compounds"	"Monosaccharides"	"Oligosaccharides"	"Sugar acids and derivatives"	"Aldehydes"	"Ketones"	"Alkyl aryl ethers"	"Diarylethers"	"Alkyl fluorides"	"Aryl bromides"	"Aryl chlorides"	"Aryl fluorides"	"Organoheterocyclic compounds"	"Azacyclic compounds"	"Azoles"	"Imidazoles"	"2,4-disubstituted thiazoles"	"Benzopyrans"	"1-benzopyrans"	"Diazanaphthalenes"	"Benzodiazines"	"Quinazolines"	"Diazines"	"Pyrimidines and pyrimidine derivatives"	"Aminopyrimidines and derivatives"	"Pyrimidones"	"Butenolides"	"Nitrofurans"	"Heteroaromatic compounds"	"Imidazopyrimidines"	"Purines and purine derivatives"	"Purinones"	"Xanthines"	"Indoles"	"Isoindolones"	"Lactams"	"Lactones"	"Naphthopyrans"	"Pteridines and derivatives"	"Pyranones and derivatives"	"Pyridinecarboxylic acids and derivatives"	"Tetrapyrroles and derivatives"	"Thiophenes"	"Thiophene carboxylic acids"	"Aminotriazines"	"N-aliphatic s-triazines"	"Organic disulfides"	"Sulfonyls"	"Aryl thioethers"	"Alkylarylthioethers"	"Dialkylthioethers"	"Alkylthiols"	"Cinnamic acids and derivatives"	"Coumaric acids and derivatives"	"Coumarins and derivatives"	"Biflavonoids and polyflavonoids"	"Flavonoid glycosides"	"Flavonoid O-glycosides"	"4-hydroxyflavonoids"	"Isoflavonoids"	"Isoflavonoid O-glycosides"	"Macrolides and analogues"	"Stilbenes"	"Stilbene glycosides"	"Tetracyclines"	"Alkaloids and derivatives"	"Lupin alkaloids"	"Lupinine-type alkaloids"	"Aniline and substituted anilines"	"Benzamides"	"Sulfanylbenzoic acids and derivatives"	"Benzophenones"	"Benzoyl derivatives"	"Benzylamines"	"Biphenyls and derivatives"	"Phenethylamines"	"Phenylphosphines and derivatives"	"Phenylpropanes"	"Styrenes"	"Sulfanilides"	"Benzenediols"	"Cresols"	"Chlorophenols"	"Hydrocarbons"	"Branched alkanes"	"Unsaturated hydrocarbons"	"Acyclic acetylenes"	"Branched unsaturated hydrocarbons"	"Acyclic olefins"	"Unsaturated aliphatic hydrocarbons"	"Acyl carnitines"	"Fatty amides"	"Diradylglycerols"	"Diacylglycerols"	"Glycerophospholipids"	"Glycerophosphates"	"Glycerophosphocholines"	"Lysophosphatidylcholines"	"Glycerophosphoethanolamines"	"Acyclic diterpenoids"	"Monoterpenoids"	"Sesterterpenoids"	"Terpene lactones"	"Carotenoids"	"Sphingolipids"	"Phosphosphingolipids"	"Androstane steroids"	"Androgens and derivatives"	"Azasteroids and derivatives"	"4-azasteroids and derivatives"	"Cholesterols and derivatives"	"Delta-5-steroids"	"Halogenated steroids"	"7-hydroxysteroids"	"Oxosteroids"	"Pregnane steroids"	"Steroid acids"	"Steroid esters"	"Buxus alkaloids"	"Pregnane-type alkaloids"	"Spirosolanes and derivatives"	"Steroidal saponins"	"5-deoxy-5-thionucleosides"	"Cyclic purine nucleotides"	"Purine ribonucleotides"	"Pyrimidine nucleotides"	"Pyrimidine deoxyribonucleoside monophosphates"	"Pyrimidine ribonucleotides"	"Pyrimidine ribonucleoside diphosphates"	"Azo imides"	"Propargyl-type 1,3-dipolar organic compounds"	"Borinic acids"	"Alpha-halocarboxylic acids and derivatives"	"Carboxylic acid derivatives"	"Carboxylic acid hydrazides"	"Monocarboxylic acids and derivatives"	"Tetracarboxylic acids and derivatives"	"Gamma-keto acids and derivatives"	"Ureas"	"Organic phosphonic acids and derivatives"	"Organic phosphonic acids"	"Phosphoethanolamines"	"Arylsulfonic acids and derivatives"	"Alkyl sulfates"	"S-alkyl thiosulfates"	"Orthocarboxylic acid derivatives"	"Depsipeptides"	"Vinylogous amides"	"Aminals"	"Amines"	"Alkanolamines"	"Primary amines"	"Secondary amines"	"Carboximidamides"	"Cyclohexylamines"	"Biguanides"	"Hydrazines and derivatives"	"Nitriles"	"Ortho amides"	"Oxime carbamates"	"Cholines"	"Tetraalkylammonium salts"	"Organooxygen compounds"	"Tertiary alcohols"	"Carbonyl compounds"	"Ethers"	"Hydrofluorocarbons"	"Aryl halides"	"Halohydrins"	"Substituted imidazoles"	"Isoxazoles"	"Pyrazoles"	"Thiadiazoles"	"Thiadiazole sulfonamides"	"Thiazoles"	"Phenyltriazoles"	"Thiazolines"	"Benzodioxoles"	"Chromones"	"Biotin and derivatives"	"Aminopyridazines"	"Halopyrimidines"	"Dioxaborolanes"	"Dithioles"	"1,3-dithioles"	"6-aminopurines"	"Imidolactams"	"Indoles and derivatives"	"Pyrrolocarbazoles"	"3-alkylindoles"	"2,3-Cyclopentanoindolines"	"N-alkylindoles"	"Pyridoindoles"	"Pyrroloindoles"	"Carbapenems"	"Delta valerolactones"	"Oxacyclic compounds"	"Oxanes"	"Morpholines"	"Piperidines"	"Pterins and derivatives"	"Pteroic acids and derivatives"	"Pyridines and derivatives"	"Hydroxypyridines"	"Methylpyridines"	"Substituted pyrroles"	"Pyrrolidines"	"Pyrrolidine-2-ones"	"Quinolidines"	"Hydroquinolines"	"Indoloquinolines"	"Hydroquinolones"	"Quinolizidines"	"Quinuclidines"	"Para thiazepines"	"1,3-thiazines"	"Thiophene carboxamides"	"Triazinanes"	"Triazines"	"1,3,5-triazines"	"Alkoxy-S-triazines"	"Halo-S-triazines"	"1,3,5-triazine-2,4-diamines"	"Organophosphorus compounds"	"Organophosphine oxides"	"Organothiophosphorus compounds"	"Isothiocyanates"	"Dialkyldisulfides"	"Sulfenyl compounds"	"Aminosulfonyl compounds"	"Sulfoxides"	"Hydroxycinnamic acids and derivatives"	"Flavonoids"	"Hydroxyflavonoids"	"3-hydroxyflavonoids"	"5-hydroxyflavonoids"	"Pyranoflavonoids"	"Isoflavones"	"Isoflavanones"	"Pyranoisoflavonoids"	"Macrolactams"	"Ergopeptines"	"Harmala alkaloids"	"Anthracenecarboxylic acids"	"Aromatic anilides"	"Aminobenzenesulfonamides"	"Benzenesulfonic acids and derivatives"	"Hydroxybenzoic acid derivatives"	"Methoxybenzoic acids and derivatives"	"Nitrobenzoic acids and derivatives"	"Bromobenzenes"	"Iodobenzenes"	"1-naphthalene sulfonic acids and derivatives"	"Catechols"	"Phloroglucinols and derivatives"	"Bromophenols"	"Methoxyphenols"	"Tyrosols"	"Lignans, neolignans and related compounds"	"Aryltetralin lignans"	"Furofuran lignans"	"Lignan glycosides"	"Podophyllotoxins"	"Eicosanoids"	"Hydroxyeicosapentaenoic acids"	"Thromboxanes"	"Branched fatty acids"	"Hydroxy fatty acids"	"Sophorolipids"	"Fatty alcohol esters"	"Lineolic acids and derivatives"	"Glycerolipids"	"Glycosylglycerols"	"Monoradylglycerols"	"Phosphatidylglycerols"	"Lysophosphatidylinositols"	"Aromatic monoterpenoids"	"Abscisic acids and derivatives"	"Trichothecenes"	"Iridoid O-glycosides"	"Saccharolipids"	"Ceramides"	"Long-chain ceramides"	"Gluco/mineralocorticoids, progestogins and derivatives"	"Steroid lactones"	"Cardenolides and derivatives"	"Cerveratrum-type alkaloids"	"Steroidal glycosides"	"5-deoxyribonucleosides"	"1-ribosyl-imidazolecarboxamides"	"Purine 3-deoxyribonucleosides"	"Purine ribonucleoside bisphosphates"	"Pyrimidine nucleosides"	"Pyrimidine ribonucleoside monophosphates"	"Organic nitro compounds"	"Boronic acids"	"Thiodiacetic acid derivatives"	"Tricarboxylic acids and derivatives"	"Beta hydroxy acids and derivatives"	"Medium-chain hydroxy acids and derivatives"	"Alpha-keto acids and derivatives"	"Medium-chain keto acids and derivatives"	"Short-chain keto acids and derivatives"	"Dithiophosphate O-esters"	"Organic phosphoric acids and derivatives"	"Phosphate esters"	"Alkyl phosphates"	"Organosulfonamides"	"Phenylsulfates"	"Sulfuric acid monoesters"	"Nitrogen mustard compounds"	"Organic peroxomonosulfates"	"Disaccharides"	"Sugar alcohols"	"1,3-dicarbonyl compounds"	"Perfluoroalkyl carboxylic acid and derivatives"	"Chlorohydrins"	"Azobenzenes"	"Tetrazoles"	"Triazoles"	"Imidazolines"	"Benzimidazoles"	"1,4-benzodiazepines"	"Benzo-1,4-dioxanes"	"Dioxopiperazines"	"N-arylpiperazines"	"Pyridazinones"	"Thiamines"	"Furoic acids"	"Tryptamines and derivatives"	"Benzylisoquinolines"	"Gamma butyrolactones"	"Naphthopyranone glycosides"	"Alloxazines and isoalloxazines"	"Flavins"	"2-halopyridines"	"Polyhalopyridines"	"Pyridinecarboxylic acids"	"Quinoline carboxylic acids"	"Tetrahydrofurans"	"Thiazines"	"Thienodiazepines"	"Thiophene carboxylic acids and derivatives"	"Diarylthioethers"	"Sulfur mustard compounds"	"2-arylbenzofuran flavonoids"	"Angucyclines"	"Cinnamic acid esters"	"Hydroxycinnamic acid esters"	"Coumarin glycosides"	"7-hydroxycoumarins"	"Linear diarylheptanoids"	"Flavonols"	"O-methylated flavonoids"	"6-O-methylated flavonoids"	"2-Hydroxy-dihydrochalcones"	"Saxitoxins, gonyautoxins, and derivatives"	"Tannins"	"Hydrolyzable tannins"
"R.cavernosa.SWE.1"	1	4	11	0	7	1	0	0	1	0	3	1	5	1	2	0	1	0	0	4	2	0	2	0	4	5	2	1	3	4	0	0	2	0	3	1	0	0	0	4	0	2	2	2	0	5	0	0	6	0	0	7	3	1	3	1	1	0	0	7	1	0	3	0	0	1	1	0	1	1	0	2	2	139	67	2	1	1	1	0	1	0	1	6	2	0	1	4	1	0	0	0	0	0	0	7	13	5	2	3	1	2	2	1	1	0	8	0	0	1	3	0	1	0	0	1	1	0	2	0	1	0	0	0	5	0	1	0	1	0	0	1	0	0	0	2	0	2	0	1	0	0	1	1	1	1	2	1	0	1	1	0	0	11	1	1	0	1	1	0	0	2	0	1	0	0	0	0	0	0	1	1	0	1	0	0	0	0	1	0	0	0	0	0	0	0	0	0	1	0	0	1	0	0	0	1	0	2	0	0	0	0	0	0	0	0	0	0	0	0	1	0	1	0	0	0	0	0	0	1	0	0	1	0	1	0	1	1	0	1	0	0	0	0	0	0	1	1	0	0	0	0	3	0	1	0	2	2	2	1	1	0	0	0	0	0	1	0	1	0	0	0	0	0	0	1	1	0	0	0	0	0	0	0	1	0	0	1	0	0	0	0	0	1	0	0	0	0	0	0	1	0	0	0	0	1	0	0	0	0	0	0	0	0	1	0	0	0	0	0	0	0	0	0	1	0	0	0	0	0	0	0	0	0	0	0	0	0	0	0	0	0	0	0	0	0	1	0	1	0	0	0	0	3	1	0	1	0	0	0	0	0	0	1	1	0	0	0	0	0	0	0	0	1	0	1	0	0	2	0	1	0	0	0	2	1	1	0	1	1	0	0	0	0	1	0	0	0	0	0	0	0	0	1	1	0	0	0	0	1	1	2	0	0	0	2	0	0	5	0	0	1	0	0	0	0	0	0	0	0	1	0	0	0	0	0	0	0	0	1	1	1	0	0	1	1	0	0	0	1	1	0	0	0	1	1	1	1	0	1	0	1	0	4	7
"R.cavernosa.SWE.2"	0	9	7	0	5	2	0	0	3	0	1	0	6	1	4	0	0	0	0	1	3	0	2	2	3	2	0	0	2	6	0	0	0	0	2	0	1	0	0	1	0	2	3	2	0	2	0	0	1	0	0	4	0	2	0	0	0	1	0	6	1	0	3	0	0	2	1	1	3	2	0	0	0	132	28	0	1	1	1	0	1	1	0	0	0	0	2	4	1	1	0	0	0	0	0	7	17	9	2	2	0	4	1	0	0	1	6	1	0	2	2	0	1	0	0	0	0	0	1	0	0	1	1	0	2	0	4	0	1	0	0	0	0	0	0	1	0	1	0	1	0	0	1	0	0	1	2	1	0	0	1	0	0	14	1	2	0	2	0	0	0	1	0	0	3	0	0	1	0	0	0	1	0	0	0	0	0	1	0	0	0	0	1	1	0	0	0	0	0	0	0	0	0	0	0	0	0	0	0	0	0	0	0	0	2	0	0	0	0	1	2	2	1	1	0	0	0	0	0	0	0	0	0	0	0	0	0	0	1	0	0	0	0	0	0	0	0	0	1	0	1	0	1	1	0	2	0	3	1	0	0	2	0	0	0	1	0	0	1	0	0	0	0	1	0	0	0	0	0	1	0	0	1	0	1	0	1	1	0	0	0	1	0	1	0	0	1	0	0	0	1	1	1	0	1	0	1	0	0	0	1	0	1	0	0	0	0	0	0	0	0	1	1	1	0	0	0	0	0	1	0	1	0	0	0	0	1	0	0	0	0	0	0	1	1	0	0	0	1	0	0	0	0	5	1	0	1	1	1	0	0	0	0	1	0	1	0	1	0	0	0	0	0	1	0	1	0	0	0	0	0	1	0	0	1	1	0	0	0	1	0	0	0	0	1	0	0	0	0	0	0	1	0	1	1	1	1	0	0	0	1	1	0	0	0	1	0	0	5	0	0	0	0	0	1	0	0	0	0	0	1	0	0	1	1	0	0	0	0	0	0	1	1	0	1	1	0	0	1	1	1	0	1	0	1	1	1	1	0	1	0	1	0	5	7
"R.cavernosa.SWE.3"	0	13	5	0	6	2	1	0	2	0	1	1	5	1	4	0	2	1	0	3	3	0	2	0	8	3	0	0	2	7	1	0	0	0	1	1	0	2	2	4	0	3	7	3	0	4	0	0	3	0	0	11	2	5	0	0	0	0	0	5	1	0	3	0	0	1	1	1	4	3	0	0	0	169	63	0	1	2	1	0	1	0	1	1	0	0	0	2	1	0	0	0	1	0	0	9	11	7	2	3	0	4	0	2	0	0	8	0	0	2	5	0	3	0	0	0	0	0	1	0	1	0	1	0	4	0	2	0	1	0	0	1	0	0	0	1	0	3	0	0	0	0	1	0	0	1	3	1	0	1	1	0	1	12	1	2	0	1	1	0	0	2	0	0	0	0	0	0	0	0	0	0	0	0	0	0	0	1	0	1	0	0	0	0	0	0	0	0	0	0	0	0	0	0	0	0	0	0	1	0	0	0	0	0	2	1	0	1	0	1	2	2	1	0	1	0	0	0	0	0	0	0	0	0	0	0	1	0	0	0	1	0	1	0	0	0	0	0	1	0	0	0	1	1	0	1	0	4	2	0	0	1	0	0	0	1	1	0	1	0	0	0	3	1	0	0	1	0	0	1	0	2	1	0	1	0	0	0	0	0	0	1	0	1	0	0	1	1	0	0	1	1	0	0	1	1	1	0	1	0	1	0	0	0	0	0	1	0	0	0	0	1	0	1	0	1	0	0	0	1	1	1	0	0	0	0	1	1	0	0	0	0	0	1	1	0	0	0	1	0	0	0	0	2	1	0	1	0	0	0	0	0	0	1	1	0	0	0	0	0	0	0	0	1	0	1	0	0	1	0	0	1	0	0	2	1	1	2	0	1	0	0	0	1	1	0	0	0	0	0	0	0	0	1	1	0	1	0	0	0	1	2	0	0	0	1	0	0	5	0	0	1	0	0	0	0	0	0	0	0	0	0	0	0	1	0	0	0	0	1	1	1	0	0	1	1	0	0	1	1	1	0	0	0	1	1	1	1	0	1	0	1	0	4	7
"R.canaliculata.GOT.1"	0	14	10	0	6	3	1	1	0	1	0	3	5	0	9	0	3	0	1	7	3	0	2	1	12	7	2	2	3	3	1	1	2	1	2	2	2	3	1	8	2	2	7	2	0	7	4	1	10	0	1	10	2	9	1	0	1	3	1	3	1	1	2	1	1	4	3	2	3	3	0	1	0	248	88	2	1	3	2	0	1	0	0	6	2	2	2	4	3	0	1	0	1	0	1	16	16	6	13	3	1	2	3	4	0	0	8	2	1	3	6	0	1	1	1	0	0	2	1	0	1	0	4	0	4	0	4	0	0	2	0	1	0	3	2	2	0	3	1	0	0	0	1	2	0	2	2	1	0	1	2	1	0	27	0	0	1	2	0	1	0	3	0	0	2	1	0	0	0	0	0	0	0	0	0	0	0	0	1	0	0	0	0	0	0	0	0	0	0	0	0	0	1	0	0	0	0	0	1	1	1	0	0	1	4	0	0	1	0	1	3	2	1	0	1	0	0	0	0	0	1	0	0	0	2	1	0	0	0	0	0	0	1	0	0	0	0	0	1	0	2	0	2	1	0	1	4	5	2	0	0	1	0	1	0	0	2	0	1	1	0	0	3	2	1	0	2	0	1	1	0	2	0	0	3	0	0	1	0	1	0	1	0	1	1	0	1	0	0	0	0	0	1	0	0	1	1	1	0	0	1	0	0	0	0	0	1	1	0	0	0	1	0	1	1	2	0	0	0	1	0	2	0	0	0	0	0	1	0	0	0	2	0	1	0	1	0	0	0	1	1	0	2	2	0	1	3	1	0	0	0	2	0	0	2	0	0	2	0	1	0	0	0	0	0	1	0	0	4	0	1	0	1	0	0	0	0	2	0	0	1	0	0	1	0	0	0	0	0	0	0	0	1	0	1	1	1	0	1	0	1	0	0	0	0	2	0	0	2	0	0	1	2	0	0	0	0	0	1	0	0	1	0	1	1	0	0	0	0	2	0	1	1	1	0	0	0	0	0	0	0	0	1	0	1	0	1	0	0	0	0	1	0	0	0
"R.canaliculata.GOT.2"	0	13	11	0	6	4	2	0	0	1	0	3	6	0	9	0	3	0	1	7	3	0	2	1	12	7	2	2	2	6	1	1	2	1	2	1	2	3	1	9	2	3	7	3	0	8	4	2	9	1	0	10	2	9	1	0	2	3	1	4	1	2	3	1	1	4	4	2	3	4	0	2	1	267	94	2	1	3	3	0	1	0	0	5	2	2	2	3	2	0	1	0	1	1	1	15	16	5	13	4	1	2	2	4	0	0	7	2	1	2	5	0	2	1	1	0	0	2	1	0	2	0	4	0	3	0	3	0	0	1	0	1	0	3	2	2	0	3	2	0	0	0	1	2	0	2	1	2	1	1	2	1	0	27	0	0	1	3	0	1	0	3	0	0	2	1	1	0	0	0	0	0	0	0	0	0	0	0	1	1	0	1	1	1	0	0	0	0	0	0	0	0	1	0	0	0	0	0	1	1	1	0	0	1	3	1	0	1	0	1	3	1	1	0	1	0	0	0	0	0	1	0	0	0	2	1	0	0	1	0	0	0	1	0	0	0	0	0	1	0	1	0	2	1	0	2	1	6	2	0	0	2	0	1	0	0	2	0	3	1	0	0	3	1	1	0	2	0	1	1	0	2	0	0	3	0	0	1	0	1	0	1	0	2	1	0	1	0	0	0	0	1	1	0	0	1	1	1	0	0	1	0	0	0	0	0	1	0	0	0	0	1	0	1	1	2	0	1	0	1	0	1	0	0	0	0	0	1	0	0	0	2	0	1	0	1	0	0	0	1	1	0	1	1	0	1	3	0	0	0	1	2	0	0	2	0	0	3	0	1	0	0	0	0	0	1	0	0	4	0	1	0	1	0	0	0	1	2	0	0	1	0	1	1	0	0	0	0	0	0	1	0	1	2	1	1	1	0	0	0	1	1	0	0	0	1	0	1	1	0	0	0	0	0	0	0	0	0	1	0	0	1	0	1	1	0	0	0	1	2	0	1	1	1	0	0	0	0	0	0	0	0	1	0	1	0	1	0	0	0	0	1	0	0	0
"R.canaliculata.GOT.3"	0	14	9	0	4	4	3	0	0	0	0	2	5	0	6	0	3	0	1	7	3	0	1	1	14	7	2	2	1	4	1	1	2	1	3	0	2	3	1	7	2	2	6	2	0	8	4	2	10	1	0	9	3	9	2	0	2	3	1	3	1	2	3	2	1	4	3	3	4	3	0	2	1	263	90	1	1	4	2	0	1	0	0	5	2	1	3	4	2	0	1	0	1	1	1	17	17	4	12	3	1	3	2	3	1	0	7	2	1	4	6	0	2	1	1	0	1	2	1	0	2	0	4	0	5	1	3	0	0	1	0	2	0	3	2	2	0	3	0	0	0	0	1	1	0	2	2	1	0	1	2	0	0	27	0	0	1	3	0	1	0	2	0	0	2	1	0	0	0	0	0	0	0	0	0	0	0	0	1	1	0	0	0	0	0	0	0	0	0	0	0	0	1	0	0	0	0	0	1	1	1	0	0	1	4	0	0	1	0	1	3	1	1	0	1	0	0	0	0	0	1	0	0	0	2	1	0	0	1	0	0	0	1	0	0	0	1	0	1	0	2	0	2	1	0	2	3	6	3	0	0	2	0	1	0	0	2	0	3	1	0	0	2	1	1	1	2	0	1	1	0	2	0	0	3	0	0	1	0	1	0	1	0	2	1	0	1	0	0	0	0	1	1	0	0	1	1	1	0	0	1	0	0	0	0	0	1	0	0	1	0	1	0	1	1	2	0	1	0	1	0	1	0	0	0	0	0	1	0	0	0	2	0	1	0	1	0	0	0	1	1	0	2	1	0	1	2	1	0	0	0	2	0	0	1	0	0	3	0	1	0	0	0	0	0	1	0	0	3	0	1	0	1	0	0	0	1	3	0	0	1	0	1	1	0	0	0	0	0	0	1	0	1	1	1	1	1	0	0	0	1	1	0	0	0	2	0	1	2	0	0	1	0	0	0	0	0	0	1	0	0	1	0	2	0	0	0	0	1	2	0	1	1	1	0	0	0	0	0	0	0	0	1	0	1	0	1	0	0	0	0	1	0	0	0
"R.bifurca.GOT.1"	0	9	13	0	3	4	1	0	1	0	0	1	4	1	4	1	1	1	0	5	2	0	1	0	11	6	1	0	5	5	0	1	1	1	2	3	0	2	2	6	2	4	9	3	4	4	4	0	7	2	0	15	5	10	1	0	2	0	1	2	0	1	1	1	0	2	2	1	2	4	0	2	2	328	101	4	4	3	3	2	0	0	1	9	4	1	3	3	7	1	1	1	0	3	0	17	9	5	3	2	1	2	0	2	1	0	7	0	1	4	3	0	2	0	0	1	0	2	1	0	4	0	1	1	9	1	2	0	0	0	1	2	0	0	1	1	0	2	1	1	3	0	1	1	0	0	0	1	0	0	2	1	1	16	0	0	0	1	1	0	0	2	0	0	1	0	0	0	0	0	0	0	0	0	0	0	0	1	0	1	0	1	0	1	0	1	0	2	0	0	0	0	1	0	0	0	1	0	1	1	0	0	0	1	2	1	0	1	1	1	3	2	1	0	1	0	0	0	0	0	0	0	0	0	0	1	1	0	1	0	0	0	0	0	1	0	0	0	1	0	0	0	4	1	0	1	4	7	4	0	0	0	0	1	0	0	1	2	1	1	0	0	3	2	1	0	1	0	1	1	0	0	0	0	2	0	0	1	0	0	0	2	1	2	0	0	0	1	1	0	2	1	1	0	0	3	1	0	0	1	1	0	1	0	0	0	1	0	0	1	1	1	0	1	1	2	0	1	2	1	1	1	0	0	0	0	0	1	0	0	0	1	0	1	0	1	0	0	0	0	0	0	1	1	0	0	0	0	0	0	1	1	0	0	0	0	0	1	0	0	1	1	0	1	0	1	1	0	4	1	0	0	0	0	0	0	1	0	0	0	0	0	0	2	0	1	2	0	0	1	0	0	1	0	1	1	1	0	0	0	1	1	0	0	0	3	0	0	0	0	0	0	0	0	0	0	0	1	0	0	0	1	0	1	1	1	0	1	0	0	0	1	0	0	0	1	0	0	1	0	0	0	0	1	0	0	1	0	0	0	0	1	0	1	0
"R.bifurca.GOT.2"	0	13	18	0	1	4	1	0	1	0	0	2	4	2	5	1	1	3	0	7	2	0	1	0	13	9	1	0	5	6	1	2	1	1	3	2	0	2	2	5	2	5	9	2	4	4	4	0	6	1	1	18	7	12	2	0	2	0	1	2	0	3	2	1	0	2	2	2	5	4	0	2	3	364	112	3	4	3	2	2	1	0	1	11	4	2	2	4	8	1	2	1	0	3	0	17	7	5	3	3	1	2	0	2	0	0	7	0	1	6	2	1	2	0	0	1	0	2	1	0	6	0	1	1	10	2	3	0	0	0	1	2	1	1	1	1	1	2	0	1	3	1	1	0	1	0	1	2	1	0	1	1	1	16	0	0	0	2	1	0	0	2	0	0	2	0	0	0	0	0	0	0	0	0	0	0	0	1	0	1	0	0	1	1	0	1	0	2	0	0	0	0	0	0	0	0	1	0	1	2	0	0	0	1	2	1	0	1	1	2	4	2	1	0	1	0	0	0	0	0	0	0	0	0	0	1	1	0	1	0	1	0	1	0	1	0	1	0	1	0	1	0	4	1	0	1	4	6	4	0	0	1	0	1	0	0	1	2	1	1	0	0	3	1	1	0	1	0	1	1	0	1	0	0	2	0	1	1	0	0	0	2	1	1	0	0	0	1	1	0	2	1	1	0	0	3	1	0	0	1	1	0	1	1	0	0	1	1	0	1	1	1	0	1	1	4	0	1	1	1	1	1	0	0	0	0	0	1	0	0	0	1	0	1	0	1	0	1	0	0	0	0	1	1	0	0	0	0	0	0	1	1	0	0	0	0	0	2	0	1	1	1	0	0	1	1	2	0	5	1	0	0	0	0	0	0	1	3	0	0	0	0	1	2	0	1	2	0	0	1	0	0	1	1	1	1	1	0	0	0	1	1	0	0	0	2	0	0	1	0	0	0	1	0	0	0	1	1	0	0	1	0	0	1	1	0	0	1	0	0	0	2	0	0	0	1	0	0	1	0	0	0	0	1	0	0	1	0	0	0	0	1	0	1	0
"R.bifurca.GOT.3"	0	11	14	0	1	2	1	0	1	0	0	1	4	1	6	1	1	2	0	9	2	0	4	0	13	6	1	0	4	6	0	1	1	1	2	3	0	2	3	4	2	4	8	2	5	3	4	0	6	1	1	18	7	10	2	0	2	1	1	2	0	2	1	1	0	2	2	2	2	4	0	2	3	349	99	2	4	3	3	2	1	0	1	11	4	1	3	4	7	1	2	1	0	3	0	18	8	5	4	0	1	3	0	2	0	1	7	0	1	6	2	1	2	0	0	1	0	2	0	0	4	0	0	1	8	2	3	0	0	1	1	0	1	1	1	1	1	2	0	1	3	1	1	0	1	0	1	2	0	1	1	1	1	17	0	0	0	2	1	0	0	2	1	0	1	0	0	0	0	0	0	0	0	0	0	0	0	1	0	1	0	0	0	1	0	1	0	2	0	0	0	0	0	0	0	0	1	0	1	1	0	0	0	1	2	1	0	1	1	2	3	2	1	0	1	0	0	0	0	0	0	0	0	0	0	1	1	0	1	0	1	0	0	0	1	0	0	0	1	0	0	0	5	1	0	1	4	7	5	0	0	1	0	1	0	0	0	2	2	1	0	0	3	2	1	1	1	0	1	1	0	0	0	0	2	0	1	1	0	0	0	2	1	0	0	0	1	1	1	0	3	1	1	0	0	1	1	0	0	1	1	0	2	1	0	1	1	1	0	1	1	1	1	1	1	3	0	0	2	1	1	1	0	0	0	0	0	1	0	0	0	1	0	1	0	1	0	0	0	0	0	0	0	1	0	0	2	1	0	0	1	0	0	0	0	0	0	1	0	0	1	1	0	0	0	1	2	0	4	1	0	0	0	0	0	0	1	2	0	0	0	0	0	2	0	1	2	0	0	1	0	0	1	0	2	1	1	0	0	0	1	1	0	0	0	3	0	0	1	0	0	0	1	0	0	0	0	1	0	0	1	0	0	1	1	0	0	1	0	0	0	1	1	0	0	1	0	0	1	0	0	0	0	0	0	0	1	0	0	0	0	1	0	1	0
"R.ciliifera.GOT.1"	0	13	13	0	2	1	0	1	0	0	0	2	5	1	7	0	3	1	1	7	3	1	1	0	9	8	2	0	4	2	3	1	1	1	1	0	3	1	0	5	3	4	7	1	3	3	3	1	5	1	0	17	4	10	2	0	2	0	0	3	0	0	1	0	0	1	0	1	3	3	0	0	3	303	102	2	2	4	4	2	1	1	0	8	2	3	3	4	3	1	1	1	0	3	0	12	9	5	2	1	1	4	2	3	1	0	4	0	0	4	4	0	3	0	0	0	0	1	0	1	1	0	1	0	5	1	2	0	1	2	1	1	0	0	3	1	1	3	0	1	2	0	1	2	1	0	0	2	0	0	1	1	0	17	2	0	0	1	0	0	0	2	0	0	1	0	0	0	0	0	0	0	0	0	0	0	0	1	0	1	0	1	1	0	0	0	0	0	0	0	1	0	0	0	0	0	0	0	1	1	0	0	0	1	3	1	0	1	0	2	3	2	1	0	1	0	0	0	1	0	0	0	1	1	0	1	0	0	1	0	0	0	1	0	0	0	0	0	1	0	0	0	3	1	0	2	5	6	2	0	0	0	0	1	0	0	1	1	0	1	0	0	2	2	1	1	2	0	0	1	0	0	0	1	2	0	0	1	0	0	0	0	1	2	0	0	1	0	1	0	1	1	0	0	0	2	0	0	1	0	1	0	1	0	0	1	1	1	0	1	1	1	0	1	1	1	1	0	2	1	0	1	0	0	0	0	0	1	0	1	1	0	0	1	0	1	0	1	0	2	0	0	2	0	0	0	2	0	0	0	0	1	0	0	0	0	0	0	0	0	1	1	0	1	0	1	2	0	3	1	0	0	0	0	0	0	1	3	0	0	0	0	1	0	0	0	0	0	0	0	1	0	1	0	1	1	2	0	0	0	1	0	0	0	0	4	0	0	3	1	0	1	0	0	0	0	0	0	0	0	1	0	0	1	0	0	0	0	0	1	0	0	0	0	0	1	0	0	0	0	0	0	0	0	0	1	1	3	0	0	0	1	0	0	0
"R.ciliifera.GOT.2"	0	10	12	0	2	2	0	1	0	0	0	2	6	1	7	0	2	0	1	7	2	1	1	0	11	9	2	0	5	4	1	1	1	2	2	1	2	2	1	5	3	2	9	3	4	5	3	1	6	1	1	15	4	10	3	0	3	0	0	2	0	0	1	0	0	0	0	1	4	3	0	1	4	328	106	2	5	3	4	2	0	1	0	7	2	2	2	3	7	1	1	1	0	3	0	15	11	4	3	1	1	5	1	3	1	0	7	1	1	5	3	0	3	0	0	0	0	1	0	1	2	0	1	0	4	2	2	0	1	2	1	0	0	0	3	1	1	2	2	1	2	0	1	2	1	0	0	3	0	0	1	2	1	16	2	0	0	1	0	0	0	2	0	0	1	0	0	0	0	0	0	0	0	0	0	1	0	1	0	1	0	1	1	1	0	0	0	0	0	0	1	0	0	0	0	0	0	0	1	2	0	0	0	1	2	1	0	1	1	2	3	2	1	0	1	0	0	0	1	0	0	0	1	0	0	1	0	0	0	0	0	0	1	0	0	0	0	0	1	0	1	0	4	1	0	2	4	6	3	0	0	0	0	0	0	0	1	1	0	1	0	0	1	2	0	1	2	0	0	2	0	0	0	1	1	0	0	1	0	0	1	0	1	2	0	0	2	1	1	0	3	1	0	0	0	2	0	0	0	0	1	0	1	0	0	1	1	1	0	1	1	1	0	1	1	2	1	0	3	1	0	1	0	0	0	0	0	1	1	1	1	0	0	1	0	1	0	0	0	2	0	0	1	0	0	0	3	0	0	0	0	1	0	0	0	0	0	0	0	0	1	1	0	1	0	1	2	0	3	1	0	0	0	0	0	0	1	3	0	1	0	0	1	1	0	0	0	0	0	0	1	0	1	1	1	1	2	0	0	0	1	0	0	0	0	2	0	1	3	0	0	0	0	0	0	0	0	0	0	0	0	0	0	1	1	0	0	0	0	1	0	0	0	0	0	1	1	0	0	0	0	0	0	0	1	1	1	2	0	0	0	1	0	0	0
"R.ciliifera.GOT.3"	0	12	10	0	3	2	0	1	0	1	0	1	6	1	7	1	2	0	1	8	3	1	1	0	12	6	1	0	2	3	1	1	1	2	2	0	2	2	0	4	3	2	8	1	4	3	3	1	5	1	1	14	4	10	2	0	2	0	0	3	0	0	1	0	0	1	0	2	3	3	0	1	2	313	105	3	5	2	4	1	0	1	0	7	3	3	4	3	4	1	2	1	0	3	0	15	11	4	2	3	1	3	0	3	0	0	4	0	0	5	3	0	3	0	0	0	0	1	0	1	1	0	1	0	4	0	1	0	1	2	0	1	0	0	3	1	1	3	0	1	3	0	1	2	1	0	1	1	0	0	2	1	0	15	2	0	0	1	0	0	0	2	0	0	2	0	0	0	0	0	0	0	0	0	0	0	0	1	0	1	0	1	1	0	0	0	0	0	0	0	1	0	1	0	0	0	0	0	1	1	0	0	0	1	1	1	0	1	1	2	2	2	1	1	1	0	0	0	1	0	0	0	0	1	0	1	0	0	1	0	0	0	1	0	0	0	0	0	1	0	1	0	5	1	0	2	5	5	2	0	0	0	0	1	0	0	1	1	0	1	0	0	2	2	0	3	2	0	1	1	0	0	0	0	1	0	0	1	0	0	0	0	1	3	0	0	1	1	0	0	2	1	0	0	0	2	0	0	0	0	1	0	1	0	0	1	1	0	0	1	1	1	0	1	1	2	1	0	3	1	0	1	0	0	0	0	0	1	0	0	1	0	0	1	0	0	0	1	0	1	0	0	0	0	0	0	2	1	0	0	0	0	0	0	0	0	0	0	0	0	1	1	0	1	0	1	1	0	1	0	0	0	0	0	0	0	1	2	0	0	0	0	1	0	0	0	0	0	0	0	1	0	1	0	1	1	1	0	0	0	1	1	0	0	0	2	0	0	3	0	0	0	0	0	0	0	0	0	0	0	1	0	0	1	1	0	0	0	0	1	0	0	0	0	0	1	1	0	0	0	0	0	0	0	1	1	1	3	0	0	0	1	0	0	0
"R.subbifurca.OE1.1"	1	10	11	1	3	1	2	1	0	0	1	4	5	1	4	1	4	0	0	4	3	0	2	0	6	5	1	0	2	5	1	1	1	2	2	0	2	2	1	4	2	4	6	3	3	3	2	1	8	1	0	13	1	9	2	0	1	3	1	4	0	3	2	1	0	3	1	3	6	5	0	1	2	298	86	1	2	3	3	0	0	1	0	6	3	2	7	5	4	1	1	0	0	1	0	16	11	10	1	2	1	4	3	1	0	0	8	1	1	5	3	2	2	0	0	0	1	2	1	0	2	0	1	1	6	2	2	0	1	2	0	0	0	0	1	2	1	4	0	1	3	0	2	2	2	0	1	3	0	0	3	0	0	20	0	0	0	1	1	0	0	2	0	0	2	0	0	0	0	0	0	0	0	0	0	0	0	1	0	1	0	1	1	1	0	1	0	0	0	0	1	0	0	1	0	0	0	0	1	0	0	0	0	1	2	0	0	1	1	1	3	2	1	0	1	0	0	0	0	0	0	0	0	0	0	1	1	0	0	0	0	0	0	1	0	0	0	0	0	0	1	0	4	1	0	2	2	7	5	0	0	2	0	1	0	0	1	0	1	1	1	0	3	3	1	1	1	1	1	2	0	0	0	0	3	0	0	1	0	0	0	3	0	2	0	1	0	1	0	0	1	1	1	1	0	5	1	0	0	1	1	0	2	0	0	0	1	0	0	1	0	1	0	1	1	2	0	1	2	1	1	1	0	0	0	0	0	1	0	0	0	1	1	1	1	1	0	0	0	0	0	0	0	0	2	0	4	0	0	0	1	2	1	0	0	0	0	1	0	0	1	1	0	1	0	1	1	0	2	0	1	0	0	0	0	1	1	0	0	0	0	0	0	2	1	1	1	0	0	0	0	0	1	1	1	1	1	0	0	0	1	1	1	0	0	3	0	0	1	0	0	0	0	1	0	0	0	0	0	0	0	0	0	2	0	0	0	0	0	0	0	1	1	0	0	0	1	0	0	0	0	0	0	0	0	0	1	0	0	0	0	1	0	2	0
"R.subbifurca.OE1.2"	1	9	13	1	2	4	2	0	1	0	1	5	5	1	5	1	2	1	1	5	3	0	1	0	8	6	1	0	3	7	2	1	1	2	2	0	1	2	2	6	2	4	6	2	4	4	3	0	8	2	0	16	1	10	1	1	1	2	1	3	0	3	2	1	1	3	1	2	4	3	0	1	1	321	93	2	2	4	3	0	1	0	0	6	3	2	5	6	6	1	1	1	0	3	0	17	14	11	3	3	1	5	3	2	1	0	7	1	1	7	3	2	2	0	1	0	1	2	1	0	2	0	1	1	9	3	2	0	1	1	0	0	0	0	1	2	1	4	1	1	2	0	2	1	1	0	2	2	0	1	3	1	1	22	0	0	0	1	0	0	0	1	0	0	2	0	0	1	0	0	0	0	0	0	0	0	0	1	1	1	0	0	0	1	0	1	1	0	0	0	1	0	0	0	0	0	0	0	1	0	0	0	0	1	3	0	0	1	0	1	3	2	1	0	1	0	0	0	0	0	0	0	0	0	0	1	1	0	1	0	0	0	0	1	0	0	0	0	1	0	1	0	4	1	0	2	3	7	5	0	0	2	0	1	0	0	0	0	1	1	1	0	2	3	1	1	1	0	1	2	0	0	0	0	3	0	0	1	0	0	0	3	1	2	0	1	0	1	0	0	1	1	1	0	0	5	1	0	0	0	1	0	2	0	0	0	1	0	0	1	1	1	1	1	1	1	0	1	3	1	0	1	0	0	0	0	0	1	0	0	0	1	1	1	1	1	0	0	0	0	0	0	1	1	2	0	2	0	0	0	1	1	1	0	0	0	0	0	0	0	1	1	1	1	0	1	1	0	2	0	0	0	0	0	0	1	2	1	0	0	0	0	1	0	1	1	1	0	0	0	1	0	1	1	1	1	1	0	0	1	1	1	1	0	0	2	0	0	0	0	0	0	0	1	0	0	1	0	0	0	0	0	0	2	1	0	0	0	0	0	0	1	0	0	0	1	0	0	0	0	0	0	0	0	1	0	1	0	0	0	0	1	0	2	0
"R.subbifurca.OE1.3"	1	9	17	0	2	2	2	0	0	0	1	6	6	1	5	1	4	1	0	7	4	0	3	0	11	6	2	1	4	11	1	1	1	1	1	0	2	2	1	4	1	5	8	4	2	4	2	0	8	1	0	12	3	9	1	1	0	2	1	3	0	2	3	1	0	3	1	3	6	4	1	1	2	336	94	2	2	5	3	1	1	1	0	4	3	1	6	8	6	1	2	2	0	1	0	16	12	9	1	3	1	8	4	0	0	0	7	0	1	7	4	2	2	0	0	0	1	2	1	0	5	0	2	2	9	1	3	0	1	2	0	1	1	0	1	2	1	4	2	1	1	1	2	2	1	0	1	2	0	1	3	0	2	19	0	0	0	1	0	0	0	3	0	0	1	0	1	1	0	0	0	0	0	0	0	0	0	1	1	1	0	1	1	0	0	1	1	0	0	0	1	0	0	0	0	0	1	0	1	0	0	0	0	1	4	1	0	1	1	1	5	2	1	1	1	0	0	0	0	0	0	0	0	0	0	1	1	0	0	0	1	0	1	1	0	0	0	0	1	0	1	0	3	1	0	2	2	9	5	0	0	2	0	1	0	0	1	0	1	1	1	0	3	3	1	0	1	0	1	2	0	0	0	0	2	0	1	1	0	0	0	3	1	3	0	1	1	1	0	0	2	1	2	1	0	6	1	0	1	0	1	0	2	0	0	1	1	0	0	0	0	1	1	1	1	2	0	0	3	1	1	1	0	0	0	0	0	1	1	0	0	1	1	1	1	1	0	0	0	0	0	0	0	1	2	0	1	0	0	0	1	0	1	0	0	0	0	1	0	0	1	1	0	1	0	1	2	0	2	0	1	0	0	0	0	0	2	0	0	0	0	0	0	2	1	1	2	0	0	1	0	1	1	1	1	1	1	2	0	0	1	0	1	0	0	2	0	0	1	1	0	1	0	1	0	0	1	1	0	0	0	0	0	2	1	0	0	1	0	1	0	1	1	0	0	1	1	0	0	0	0	0	0	0	0	0	1	0	0	1	0	1	0	2	0
"R.sorocarpa.SWE.1"	0	10	9	0	4	2	0	0	2	0	0	5	5	0	3	0	2	0	0	5	4	1	0	2	11	5	1	1	5	11	0	2	2	0	0	1	0	1	3	4	0	3	7	4	2	5	2	0	2	1	0	11	2	5	1	1	1	0	0	4	0	2	1	0	0	1	0	1	2	4	0	0	2	205	72	1	1	5	2	1	1	0	0	4	1	0	1	4	2	0	0	1	0	2	0	12	10	7	5	2	2	3	3	1	1	1	6	0	1	4	3	0	3	0	0	0	0	0	2	0	3	0	2	0	4	0	1	0	0	0	0	0	0	0	0	1	0	2	1	1	0	0	1	0	1	0	2	2	0	0	1	1	2	12	0	1	0	1	0	0	0	2	1	0	1	0	0	0	1	0	0	1	0	0	0	0	1	0	1	0	0	0	0	0	0	0	0	0	1	0	0	0	0	0	0	0	0	0	1	0	0	0	1	0	2	1	0	1	0	2	3	2	1	0	1	0	0	0	0	0	0	0	0	1	0	0	1	0	1	0	1	0	1	0	0	0	1	0	1	0	1	0	2	1	0	3	0	4	2	0	0	2	0	0	0	0	1	0	0	0	0	0	2	2	0	1	1	0	1	1	0	0	0	0	1	0	1	0	0	0	0	0	0	0	0	0	1	1	0	0	0	1	1	0	0	1	0	0	1	1	1	0	1	0	0	0	0	0	0	0	1	1	0	1	0	2	0	0	1	1	1	1	0	0	0	0	0	1	0	0	0	0	0	0	0	0	0	1	0	0	0	0	0	1	0	0	1	0	0	0	0	1	0	0	0	0	0	1	0	0	1	1	0	0	0	1	1	0	2	0	1	0	0	0	1	0	1	1	0	0	0	0	1	1	0	0	1	0	0	0	0	0	1	1	1	1	1	2	0	0	1	0	0	0	1	2	1	0	3	0	0	1	1	0	0	0	0	0	0	1	0	0	0	0	0	0	0	0	0	1	0	0	0	0	0	1	1	0	0	0	0	0	0	1	1	0	1	0	0	0	0	1	1	1	1
"R.sorocarpa.SWE.2"	0	11	9	0	2	1	0	0	1	0	0	1	7	0	4	0	3	1	0	3	3	1	0	1	12	7	1	0	3	11	1	1	2	0	0	1	0	2	4	4	1	3	8	4	1	6	2	0	6	1	0	12	3	10	2	0	2	1	1	4	0	2	1	0	0	2	0	0	2	4	0	1	2	244	84	1	1	5	3	1	0	1	1	4	2	0	0	4	3	0	0	0	0	1	0	12	12	5	7	2	2	3	5	0	0	1	4	0	1	4	3	1	2	0	1	0	0	1	2	0	1	0	2	0	7	1	1	1	0	1	0	1	0	0	1	1	1	3	1	1	0	0	1	0	1	1	0	2	0	1	1	1	2	12	0	1	0	3	0	0	0	1	1	0	3	0	1	0	1	0	0	0	0	0	0	0	1	1	1	1	0	0	1	1	0	0	0	0	0	0	0	0	0	0	0	0	0	0	1	0	0	0	0	1	3	1	0	1	0	1	2	2	1	0	1	0	0	0	0	0	0	0	0	1	0	0	1	0	0	0	1	0	1	0	0	0	0	0	1	0	1	0	3	1	0	3	2	4	4	1	0	0	0	0	0	0	1	0	0	0	0	0	3	2	0	1	1	0	1	2	0	0	0	0	1	0	0	1	0	0	0	0	0	1	0	0	0	1	0	0	0	1	1	0	0	1	0	0	1	1	1	0	1	0	0	0	1	0	0	1	0	1	1	1	0	2	0	0	1	1	0	1	0	0	0	0	0	1	0	0	0	0	0	0	0	1	0	1	0	0	0	0	0	1	0	0	0	0	0	0	0	1	0	0	0	0	0	2	1	0	1	0	0	1	0	1	0	0	3	0	1	0	0	0	1	0	1	1	0	0	0	0	1	1	0	0	1	0	0	0	0	0	1	0	1	1	1	1	0	0	1	1	0	0	1	1	1	0	2	0	0	1	2	0	0	0	0	0	0	1	0	0	0	0	0	0	0	0	0	0	0	0	1	0	0	1	0	0	0	0	0	0	0	0	2	1	1	0	0	0	0	1	1	0	1
"R.sorocarpa.SWE.3"	0	12	9	0	4	1	0	0	1	0	0	2	6	0	5	0	3	0	0	4	3	1	0	1	10	6	1	0	3	11	1	1	2	1	0	1	0	2	5	2	0	3	8	4	1	6	3	0	7	0	0	13	3	9	1	1	2	1	1	3	0	2	2	0	0	2	0	1	2	4	0	1	2	251	92	1	1	5	3	3	1	1	1	5	1	1	0	4	6	0	0	0	0	0	0	11	12	5	7	2	2	5	5	1	0	1	3	0	0	5	4	1	3	0	1	0	0	1	2	0	1	0	2	0	7	0	1	0	0	1	0	0	0	0	1	1	1	2	2	1	0	0	1	0	0	1	0	2	0	1	1	1	2	12	0	1	0	2	0	0	0	2	1	0	3	0	1	0	2	0	0	0	0	0	0	0	1	1	1	0	0	1	1	0	0	0	0	0	0	0	0	1	0	0	0	0	0	0	1	0	0	0	0	0	2	1	0	1	0	2	4	2	1	0	1	0	0	0	0	0	0	0	0	1	0	0	1	0	0	0	0	1	0	0	0	0	0	0	0	0	1	0	2	1	0	3	1	5	4	0	0	2	0	0	0	0	1	0	0	1	0	0	2	1	0	1	1	0	0	2	0	0	0	0	2	0	0	2	0	0	0	0	0	0	0	0	1	1	0	0	0	1	1	0	0	1	0	0	0	1	1	0	1	1	0	0	1	0	0	0	0	1	1	1	0	3	0	0	1	1	0	1	0	0	0	0	0	1	0	0	0	0	0	0	0	1	0	1	0	0	0	0	0	0	0	0	0	0	0	0	1	1	0	0	0	0	0	2	1	0	0	0	0	1	0	1	0	0	1	0	1	0	0	0	0	0	1	2	0	0	0	0	1	1	0	0	0	0	0	0	0	1	1	1	1	1	1	1	0	0	1	1	0	0	1	2	1	0	2	0	0	1	2	0	0	0	0	0	0	1	0	0	0	0	1	0	0	0	0	1	0	0	1	0	0	1	0	0	0	0	0	0	0	0	2	1	1	0	0	0	0	1	1	0	1
"R.beyrichiana.OEL.1"	0	9	15	1	5	3	0	0	1	0	0	2	5	2	5	0	1	1	0	3	5	0	3	0	10	7	1	0	4	4	1	2	1	2	1	0	1	2	2	3	1	4	7	3	5	4	1	0	7	0	1	15	3	9	1	0	1	1	1	4	0	0	1	1	0	3	1	2	3	3	1	1	1	294	79	2	4	5	2	1	0	1	1	4	3	1	3	3	8	0	1	1	0	2	0	11	9	5	3	2	1	5	2	1	1	0	7	1	1	6	3	1	2	0	0	0	0	1	1	0	3	0	0	1	10	1	3	1	0	1	1	0	0	1	1	1	1	3	1	1	3	0	1	0	0	1	0	2	0	1	1	1	1	20	0	0	0	1	1	0	0	1	0	0	2	0	1	0	1	0	0	0	1	0	0	1	0	1	1	1	0	1	1	1	1	1	0	2	0	0	0	0	0	0	0	0	1	0	1	0	0	0	0	1	2	1	0	1	1	1	3	2	1	0	1	0	0	0	0	0	0	0	0	0	0	1	2	0	0	0	0	0	0	0	1	0	0	0	0	0	0	0	4	1	0	2	4	7	3	0	0	2	0	1	0	0	1	1	1	1	0	0	3	1	1	1	1	0	1	2	0	0	0	0	3	0	0	2	0	0	0	2	1	2	0	1	0	1	0	0	1	1	0	0	0	1	1	0	1	1	1	0	0	1	0	0	0	1	0	1	1	1	1	1	1	4	0	0	2	1	0	1	0	0	0	0	0	1	0	0	0	1	0	1	0	1	0	0	0	0	0	0	0	1	0	0	4	0	0	0	1	1	0	0	0	0	0	1	0	0	1	1	0	0	0	1	1	0	2	0	0	0	0	0	0	0	1	0	0	0	0	0	0	3	0	0	0	0	0	0	1	1	1	1	1	1	1	2	0	0	1	1	0	0	0	3	0	0	1	0	0	1	2	0	0	0	0	0	0	0	1	0	0	0	0	1	0	0	0	0	0	1	1	0	0	0	1	0	1	0	0	0	0	0	0	0	1	0	0	0	0	1	0	1	0
"R.beyrichiana.OEL.2"	0	10	10	0	4	3	0	0	1	0	0	2	5	1	6	0	0	1	0	3	2	0	1	0	8	5	1	0	2	4	1	1	1	1	3	1	1	2	2	5	2	4	5	3	3	3	2	0	5	0	1	12	0	8	1	0	1	1	1	4	0	1	1	1	0	3	1	1	3	3	1	0	0	256	76	2	1	3	3	1	0	2	0	6	3	1	3	4	6	0	1	0	0	1	0	13	8	6	2	2	1	3	3	3	0	0	6	1	2	5	4	1	1	0	0	0	0	1	1	0	2	0	1	0	7	2	4	1	0	0	1	1	0	1	1	1	1	2	1	1	1	0	1	1	0	2	0	2	0	1	1	1	1	17	0	0	0	1	1	0	0	1	0	0	3	0	1	0	1	0	0	0	0	0	0	0	0	1	1	1	0	1	0	0	1	1	0	1	0	0	0	0	0	0	0	0	0	0	1	0	0	0	0	1	3	1	0	1	0	1	3	2	1	0	1	0	0	1	0	0	0	0	0	0	0	1	2	0	0	0	0	0	0	0	1	0	0	0	1	0	1	0	3	1	0	2	4	7	4	0	0	2	0	1	0	0	1	1	2	1	0	0	3	2	1	1	1	0	1	3	0	0	0	0	3	0	0	3	0	0	0	2	0	0	0	1	0	1	1	0	0	1	0	0	0	1	1	0	1	0	1	0	1	1	0	0	0	0	0	1	1	1	1	1	1	1	0	0	1	1	0	1	0	0	0	0	0	1	0	0	0	1	0	1	0	1	0	0	0	0	0	0	1	1	0	0	3	0	0	0	1	0	0	0	0	0	0	1	0	0	1	1	0	0	0	1	1	0	2	0	0	0	0	0	1	0	1	0	0	0	0	0	0	2	0	0	0	0	0	0	0	1	1	1	1	0	1	2	0	0	1	0	0	0	0	3	0	0	0	0	0	1	2	0	0	0	0	0	0	0	1	0	0	0	0	0	0	0	0	0	0	0	1	0	0	0	1	1	1	0	0	0	0	0	0	0	1	0	0	0	0	1	0	1	0
"R.beyrichiana.OEL.3"	0	10	15	0	4	3	0	0	1	0	0	2	6	2	7	0	0	1	0	4	4	1	2	0	9	5	1	0	2	4	1	2	1	1	2	0	1	2	2	2	1	4	7	2	4	3	1	0	5	0	1	14	1	8	1	0	0	1	1	4	0	0	1	1	0	3	1	2	3	3	1	0	0	274	78	2	2	5	2	1	1	1	0	4	3	1	3	3	6	0	1	1	0	2	0	13	8	5	2	2	1	4	2	1	0	0	7	1	1	4	3	1	2	0	0	0	0	2	1	0	3	0	0	0	9	1	3	1	0	0	1	0	0	0	1	1	1	3	0	1	1	0	1	1	0	2	0	1	0	1	1	1	1	17	0	0	0	2	1	0	0	1	0	0	2	0	1	0	1	0	0	0	0	0	0	0	0	1	1	1	0	0	1	1	1	1	0	0	0	0	0	0	0	0	0	0	0	0	1	0	0	0	0	1	2	1	0	1	0	1	3	2	1	0	1	0	0	1	0	0	0	0	0	0	0	1	1	0	0	0	0	0	0	0	1	0	0	0	1	0	1	0	3	1	0	2	4	7	2	0	0	2	0	1	0	0	1	1	1	1	0	0	3	1	1	1	1	0	0	1	0	1	0	0	3	0	0	2	0	0	0	2	1	0	0	1	1	1	1	0	0	1	0	0	0	2	1	0	1	1	1	0	1	1	0	0	1	1	0	1	1	1	1	1	1	2	0	1	1	1	0	1	0	0	0	0	0	1	0	0	0	1	0	1	0	1	0	0	0	0	0	0	0	1	0	0	4	0	0	0	1	1	0	0	0	0	0	1	0	0	1	1	0	1	0	1	1	0	2	0	0	0	0	0	1	0	1	0	0	0	0	0	0	1	0	1	0	0	0	0	1	1	1	1	1	1	1	2	0	0	1	1	0	0	0	3	0	0	2	0	0	0	2	0	0	0	1	0	0	0	1	0	0	0	1	0	0	0	0	1	0	1	1	0	0	0	0	0	1	0	0	0	0	0	0	0	1	0	0	0	0	1	0	1	0
"R.subbifurca.OE2.1"	1	10	13	1	3	1	3	0	0	0	0	2	5	0	3	0	1	1	0	2	4	0	1	0	7	4	1	0	3	5	1	1	1	1	0	0	1	2	1	4	2	4	5	2	3	3	2	0	6	1	0	12	0	8	1	0	1	2	1	3	0	3	3	1	1	3	1	2	6	5	0	1	2	274	89	2	1	4	1	0	0	1	0	6	3	2	4	5	6	0	1	1	0	1	0	18	11	7	1	1	1	3	4	1	0	0	9	1	0	7	4	2	2	0	0	0	2	2	1	0	2	1	0	1	8	3	1	0	1	2	0	1	0	0	1	2	1	3	0	0	1	0	2	2	1	0	2	3	1	0	2	1	1	20	0	0	0	1	1	0	0	2	0	0	2	0	0	1	0	0	0	0	1	0	0	0	0	1	0	2	0	0	0	1	0	1	1	0	0	0	1	0	0	0	0	0	0	0	1	0	0	0	0	1	2	1	0	1	0	1	2	2	1	0	1	0	0	0	0	0	0	0	0	0	0	1	1	0	0	0	0	0	0	1	0	0	1	0	1	0	1	0	4	1	0	2	2	8	5	0	0	1	0	0	0	0	1	1	1	1	1	0	3	3	1	1	1	1	1	1	0	0	0	0	3	0	1	1	0	0	0	3	0	1	0	1	0	1	1	0	0	1	1	1	0	5	0	0	0	0	1	0	1	0	0	0	1	0	0	1	0	1	0	1	1	2	0	1	2	1	0	1	0	0	0	0	0	1	1	0	0	1	1	1	1	1	0	0	0	0	0	0	1	0	2	0	3	0	0	0	1	1	1	0	0	0	0	2	1	0	0	1	0	1	0	1	1	0	2	0	0	0	0	0	0	0	2	0	0	0	0	0	1	2	1	1	1	0	0	0	0	0	0	0	1	1	1	0	0	0	1	1	1	0	0	2	0	0	0	0	0	0	0	1	0	0	0	0	0	0	1	0	0	2	1	1	0	0	0	0	0	1	0	0	0	0	1	0	0	0	0	0	0	0	0	0	1	0	0	1	0	1	0	2	0
"R.subbifurca.OE2.2"	1	12	12	0	0	1	2	0	1	0	0	2	5	1	1	1	0	1	0	3	2	0	1	0	11	8	2	1	3	6	1	1	1	2	1	0	1	2	0	3	1	4	5	4	4	2	1	0	4	1	0	14	1	5	1	0	0	1	1	1	0	3	2	1	0	2	1	2	6	4	1	1	1	309	79	3	4	5	1	0	1	1	0	4	1	2	3	6	5	0	1	1	0	1	0	15	14	5	2	3	1	5	3	2	0	0	6	0	0	7	4	2	2	0	0	0	1	2	1	0	6	1	0	1	9	1	1	0	1	2	0	0	0	0	1	2	1	4	1	0	3	1	2	2	0	0	2	1	0	0	2	0	0	17	0	0	0	2	0	0	1	3	0	0	1	0	0	1	0	0	0	0	0	0	0	0	0	1	0	1	0	1	0	1	0	1	1	1	0	0	1	0	0	0	0	0	0	0	1	0	0	0	0	1	2	1	0	1	1	1	2	2	1	0	1	0	0	0	0	0	0	0	0	0	0	1	2	0	0	0	0	0	0	1	0	0	0	0	0	0	1	0	3	1	0	2	4	7	4	0	0	1	0	1	0	0	1	1	1	1	1	0	2	1	1	0	1	1	1	2	0	2	0	0	3	0	1	1	0	0	0	3	1	3	0	2	0	1	1	0	2	1	1	1	0	5	1	0	0	0	1	0	1	0	0	1	0	2	0	1	1	1	0	1	1	3	0	1	2	1	0	1	0	0	0	0	0	0	1	0	0	1	1	1	1	0	0	0	0	0	0	0	0	1	2	0	2	0	0	0	0	0	1	0	0	0	0	2	0	0	1	1	0	0	0	1	1	0	2	0	0	0	0	0	0	0	0	0	0	0	0	0	0	2	1	1	1	0	0	1	0	0	0	0	1	1	1	0	0	0	1	1	1	0	0	2	0	0	0	0	0	0	0	1	0	0	1	0	0	0	1	0	0	2	1	1	0	1	0	0	0	1	1	0	0	0	1	1	0	0	0	0	0	0	0	0	1	0	0	0	0	1	0	2	0
"R.subbifurca.OE2.3"	1	11	14	1	4	1	3	0	0	0	1	4	5	0	4	0	2	1	0	4	3	1	2	0	10	9	1	0	3	7	1	1	1	2	2	4	1	2	2	5	2	4	8	2	4	3	2	0	9	2	0	15	7	11	1	0	3	2	1	2	0	3	3	1	1	3	2	3	6	5	0	2	2	358	105	3	3	5	1	1	0	1	0	8	4	2	6	4	6	1	1	1	0	1	0	18	12	10	2	3	1	3	4	3	1	0	8	1	1	5	5	2	2	0	0	0	1	2	1	0	4	1	1	1	9	2	2	0	1	1	0	1	0	0	1	2	1	3	0	0	3	1	2	2	1	0	2	2	1	0	2	1	1	22	0	0	0	2	1	0	0	2	0	0	1	0	0	1	0	0	0	0	1	0	0	0	0	1	0	1	0	1	1	1	0	1	1	0	0	0	1	0	0	0	0	0	0	0	1	0	0	1	0	1	4	1	0	1	1	1	4	2	1	0	1	0	0	0	0	0	0	0	0	0	0	1	1	0	0	0	0	0	0	1	0	0	0	0	1	0	1	0	4	1	0	2	3	8	5	0	0	2	0	1	0	0	0	0	2	1	1	0	3	2	1	1	1	1	1	2	0	0	0	0	3	0	0	1	0	0	0	3	0	3	0	1	1	1	1	0	1	1	1	1	0	5	1	0	0	0	1	0	1	1	0	0	1	0	0	1	1	1	0	1	1	2	0	1	2	1	1	1	0	0	0	0	0	1	1	0	0	1	1	1	1	1	0	0	0	0	0	0	0	1	2	0	3	0	0	0	0	0	1	0	0	0	0	1	0	1	1	1	0	0	1	1	1	0	4	0	0	0	0	0	0	1	2	2	0	0	1	0	1	1	1	1	1	0	0	1	1	0	0	0	1	1	1	0	0	0	1	1	1	0	0	2	0	0	0	0	0	1	0	1	0	0	1	0	0	0	0	0	0	2	1	1	0	0	0	0	0	1	1	0	0	0	1	0	0	0	0	0	0	0	0	0	1	0	0	0	0	1	0	2	0
"R.ciliifera.HAL.1"	0	11	9	0	0	2	1	1	0	2	0	4	6	0	5	0	2	1	0	10	2	0	2	1	11	8	1	0	3	4	1	1	1	1	1	3	2	2	1	5	3	4	7	2	2	4	3	2	7	2	1	13	3	9	1	0	2	0	0	1	0	1	1	0	0	0	3	2	2	4	0	1	3	304	118	1	2	3	3	2	0	0	1	12	2	2	3	4	7	0	0	1	0	2	0	14	13	8	4	1	1	4	3	1	1	0	4	1	0	3	4	0	3	0	0	0	0	2	0	0	1	0	3	0	7	1	1	0	1	1	0	0	0	1	2	1	1	2	0	1	1	0	1	0	1	0	1	1	1	2	1	1	0	7	2	0	0	2	0	0	0	3	0	0	1	0	0	0	0	0	0	0	0	0	0	0	0	1	0	0	0	1	1	1	0	0	0	0	0	0	1	0	0	0	0	0	0	0	1	1	0	0	0	1	1	1	0	1	0	2	3	1	1	1	1	0	0	0	0	0	1	0	0	0	0	1	1	0	0	0	0	1	0	0	0	0	1	0	1	0	1	0	4	1	0	2	5	6	2	0	0	1	0	0	0	0	1	0	2	1	0	0	2	2	0	2	2	0	1	1	0	0	0	0	1	0	0	1	0	0	0	0	0	4	0	0	1	1	1	0	0	1	0	0	1	0	1	0	2	0	1	0	1	0	0	0	1	0	0	0	0	1	0	1	1	2	0	1	1	1	1	1	0	1	0	0	0	1	0	0	0	1	0	0	0	0	0	1	0	1	0	0	0	0	0	0	1	0	0	0	0	0	0	0	1	0	0	1	0	0	0	0	0	1	1	1	0	0	3	0	0	0	0	1	0	0	1	3	0	1	1	0	0	0	0	0	0	0	0	0	0	0	1	0	1	1	2	0	0	0	1	0	0	0	0	1	0	1	1	0	0	1	0	0	0	0	0	0	0	0	0	0	1	1	1	0	0	0	0	0	0	0	0	0	0	1	0	0	0	0	0	0	0	0	1	1	1	2	0	0	0	1	0	0	0
"R.ciliifera.HAL.2"	0	10	13	0	2	3	1	1	0	2	0	4	7	1	6	0	2	1	0	9	2	0	4	2	13	9	2	2	3	6	1	1	1	1	1	3	2	2	2	5	3	5	9	3	3	3	3	2	6	1	0	16	5	9	2	0	2	0	0	1	0	1	1	0	0	0	3	1	3	4	0	1	3	365	124	2	4	4	2	2	0	0	0	16	3	2	4	4	7	0	0	1	0	3	0	15	16	7	4	2	1	6	4	2	0	0	6	1	0	5	4	0	3	0	1	0	0	2	1	1	1	0	3	0	7	1	3	0	1	2	1	0	1	1	3	1	0	3	0	1	1	1	1	0	1	0	2	2	1	1	1	0	0	12	2	0	0	2	0	0	1	4	0	0	2	0	0	0	0	0	0	0	0	0	0	1	0	1	0	1	0	1	1	1	0	0	0	0	0	0	1	0	0	0	0	0	0	0	1	0	0	0	0	1	1	1	0	1	1	2	4	1	1	0	1	0	0	0	1	0	1	0	0	0	0	1	1	0	0	0	0	1	0	0	0	0	0	0	1	0	1	0	5	1	0	2	5	7	3	0	0	1	0	0	0	0	1	1	1	1	0	0	2	2	0	2	2	0	1	2	0	0	0	0	1	0	0	1	0	0	0	1	1	3	0	0	0	1	1	0	2	1	0	0	0	0	1	0	4	0	1	0	1	0	0	1	1	0	0	1	1	1	0	1	1	4	1	1	3	1	0	1	0	1	0	0	0	1	0	0	1	1	0	0	0	0	0	0	0	1	0	0	0	0	0	0	1	0	0	0	0	0	0	0	1	0	0	0	0	0	1	0	0	1	1	1	2	0	4	1	0	0	0	1	0	0	1	3	0	1	1	0	0	1	0	1	0	0	0	0	0	0	1	0	1	1	2	0	0	0	1	0	0	0	0	2	0	0	0	0	0	1	0	0	0	0	1	1	0	0	1	0	1	2	1	0	0	0	0	1	0	0	1	0	0	1	1	0	0	0	0	0	0	0	1	1	1	1	0	0	0	1	0	0	0
"R.ciliifera.HAL.3"	0	12	14	0	2	3	1	1	0	1	0	3	7	1	6	0	2	1	0	9	1	0	2	2	10	9	2	1	4	5	2	1	1	1	1	3	2	1	2	5	3	5	6	4	2	4	3	2	5	1	1	11	4	9	1	0	3	0	0	1	0	1	1	0	0	0	3	1	4	3	0	1	2	346	117	1	3	3	2	1	1	0	0	10	2	2	3	4	7	1	1	1	0	3	0	14	16	7	4	3	1	5	4	3	0	0	5	1	0	4	3	0	3	0	1	0	0	2	1	1	2	0	3	0	10	2	2	0	1	2	1	1	0	1	3	1	0	3	0	1	1	0	1	0	1	0	2	1	1	1	2	0	0	11	2	0	0	2	0	0	0	4	0	0	1	0	0	0	0	0	0	0	0	0	0	0	0	1	0	0	0	1	1	1	0	0	0	0	1	0	1	0	0	0	0	0	0	0	1	1	0	0	0	1	1	1	0	1	0	2	3	2	1	0	1	0	0	0	1	0	0	0	0	0	0	1	1	0	0	0	0	0	1	0	0	0	0	0	1	0	0	0	4	1	0	2	6	6	3	0	0	0	0	0	0	0	1	1	1	1	0	0	2	2	0	1	2	0	0	1	0	0	0	0	1	0	0	1	0	0	0	1	1	3	0	0	0	0	0	0	0	1	0	0	0	2	1	0	3	0	1	0	1	0	0	1	1	0	0	1	1	1	0	1	1	4	1	0	2	1	0	1	0	0	0	0	0	1	0	0	1	1	0	0	0	0	0	1	0	1	0	0	1	1	0	0	1	0	0	0	0	0	0	0	0	0	0	0	0	0	0	0	0	1	1	1	2	0	3	1	0	0	0	1	0	0	1	3	0	1	1	0	0	1	0	0	0	0	0	0	0	0	1	1	1	1	1	0	0	0	1	0	0	0	0	3	0	0	1	0	0	1	0	0	0	0	1	1	0	0	0	0	1	2	1	0	0	0	0	1	0	0	0	0	0	1	1	0	0	0	0	0	0	0	1	1	1	2	0	0	0	1	0	0	0
"R.gougetiana.HAL.1"	0	9	14	0	3	4	2	2	0	1	0	9	9	0	5	1	2	3	0	14	2	0	6	1	10	9	1	2	2	6	1	1	1	1	3	4	2	4	2	3	3	3	9	4	2	6	5	3	8	1	2	17	8	9	3	0	4	0	0	5	0	1	1	0	1	4	3	1	3	4	0	1	3	399	133	2	2	3	3	2	3	0	0	20	4	2	2	5	8	0	0	0	0	2	0	18	24	7	6	5	1	6	3	3	2	1	3	0	1	5	5	0	3	0	1	0	1	2	1	2	3	0	1	0	9	3	2	1	0	1	0	1	1	2	5	1	1	5	1	1	1	0	1	0	1	2	2	1	1	5	3	1	0	19	2	0	0	2	0	0	2	2	0	0	1	0	0	0	0	0	0	0	0	0	1	0	0	1	0	1	0	1	1	0	0	0	0	1	1	0	1	0	0	0	1	0	0	0	1	4	0	0	1	0	2	0	1	1	0	1	3	1	1	0	1	0	0	0	1	0	1	0	0	0	0	1	0	0	0	1	0	1	1	0	0	0	0	0	0	0	0	0	4	1	0	2	9	8	3	0	0	2	0	0	0	0	1	2	1	1	0	0	3	2	0	1	2	0	1	2	0	1	0	0	1	0	0	1	0	0	0	0	0	2	1	0	1	1	0	0	1	1	0	0	0	2	0	0	3	0	1	0	1	0	0	0	1	1	0	1	1	1	0	1	1	3	0	1	2	1	0	1	0	1	0	1	0	1	1	0	1	0	0	0	1	0	0	0	0	3	0	0	0	1	0	0	2	0	0	0	1	0	1	0	1	0	0	1	0	1	0	0	0	1	1	2	1	0	4	1	0	0	0	1	0	0	1	1	1	0	1	0	0	1	0	0	1	0	0	0	0	1	1	0	3	1	1	0	0	0	1	0	0	0	0	3	0	0	2	0	0	0	0	0	0	1	1	0	0	0	0	0	0	2	1	0	1	0	0	0	0	0	1	0	0	1	0	0	0	0	0	1	0	0	3	1	1	3	0	0	0	1	0	0	0
"R.gougetiana.HAL.2"	0	13	18	0	2	4	1	2	0	1	0	10	8	1	5	1	2	3	0	14	2	0	5	1	11	10	1	2	4	6	2	1	1	1	3	3	2	4	1	4	2	4	7	4	2	7	4	1	8	1	1	15	6	7	3	0	5	0	0	2	0	1	1	0	1	3	2	1	3	4	0	1	3	427	138	2	2	3	4	1	2	0	0	21	4	1	2	6	11	1	0	1	0	2	0	20	22	6	7	5	1	4	2	3	2	1	4	0	1	5	5	0	3	0	1	0	1	2	1	1	4	0	1	0	10	3	3	1	0	1	1	0	1	1	6	1	1	6	2	1	2	0	1	0	1	2	2	2	1	5	2	1	0	18	2	0	0	2	0	0	2	4	0	0	1	0	0	0	0	0	0	0	0	0	1	1	0	1	0	0	0	1	1	1	0	0	0	0	0	0	1	1	0	0	0	0	0	0	1	4	0	0	1	1	2	1	1	0	0	2	3	1	1	0	1	0	0	0	1	0	0	0	0	0	0	1	1	0	0	1	0	2	1	0	0	0	0	0	0	0	0	0	4	1	0	2	9	7	2	0	0	2	0	0	0	0	0	2	0	1	0	0	2	1	0	2	1	0	1	1	0	0	0	0	1	0	0	1	0	0	0	1	1	3	1	1	1	1	0	0	2	1	0	0	0	1	0	0	2	0	1	0	1	0	0	1	1	1	0	1	1	1	0	1	1	3	1	1	2	1	1	0	0	0	0	1	0	1	1	0	1	1	0	0	0	0	0	0	0	2	0	0	0	1	0	0	3	0	0	0	1	0	0	0	0	0	0	2	0	0	1	0	0	1	1	2	3	0	4	1	0	0	0	1	0	0	1	1	1	0	1	0	0	0	0	0	1	0	0	0	1	1	1	1	3	1	2	0	0	0	1	0	0	0	0	4	0	0	4	0	0	0	0	0	0	1	1	0	0	0	0	0	0	2	1	0	0	0	0	2	0	0	1	0	0	1	1	0	0	0	0	0	1	0	3	1	1	2	0	0	0	1	0	0	0
"R.gougetiana.HAL.3"	0	13	16	0	2	4	2	2	0	1	0	8	9	0	6	1	2	3	0	14	2	0	5	2	10	8	1	1	2	6	0	1	1	1	2	0	2	4	1	3	3	3	8	4	0	5	3	3	9	1	0	14	5	8	3	0	5	0	0	2	0	1	1	0	1	3	2	1	3	4	0	1	3	381	127	1	2	3	4	2	2	0	0	15	3	2	2	4	10	0	0	1	0	1	0	15	21	3	6	3	1	5	3	3	2	1	4	0	1	4	6	0	3	0	1	0	1	2	1	2	2	0	1	0	6	2	1	1	0	1	0	1	1	2	3	1	1	5	1	1	1	0	1	0	1	2	2	2	1	5	2	2	0	16	2	0	0	2	0	0	2	1	0	0	2	0	0	0	0	0	0	0	0	0	1	0	0	1	0	1	0	1	0	1	0	0	0	0	1	0	1	0	0	0	1	0	0	0	1	5	0	0	1	1	2	1	1	1	0	1	3	1	1	0	1	1	0	1	1	0	0	0	0	0	0	1	1	0	0	1	0	1	1	0	0	0	1	0	0	0	0	0	4	1	0	2	9	7	2	0	0	2	0	0	0	0	1	2	0	1	0	0	1	2	0	2	1	0	1	2	0	0	0	0	1	0	0	1	0	0	0	0	0	2	1	0	1	1	0	0	1	1	0	0	0	2	0	0	3	0	1	0	1	0	0	0	1	1	0	1	1	1	0	1	1	3	0	1	2	1	0	1	0	0	0	1	0	1	1	0	1	1	0	0	1	0	0	0	0	2	0	0	1	1	0	0	0	0	0	0	1	0	0	0	0	0	0	1	0	0	0	0	0	1	0	2	1	0	2	1	0	0	0	1	0	0	1	1	1	0	1	0	1	1	0	0	1	0	0	0	0	1	1	0	3	1	1	0	0	0	1	0	0	0	0	3	0	0	2	0	0	0	0	0	0	0	1	0	0	0	0	0	0	2	1	0	1	0	0	1	0	0	1	0	0	1	0	0	0	0	0	0	0	0	3	1	1	2	0	0	0	1	0	0	0
"R.huebeneriana.GOT.1"	0	12	9	0	4	1	1	0	2	0	0	1	4	0	5	0	3	0	0	2	2	0	1	0	9	3	0	2	2	4	1	0	0	1	0	0	0	1	2	3	1	2	6	3	0	0	0	1	3	0	0	11	3	7	0	0	0	2	0	1	1	0	4	0	1	2	1	2	2	2	0	0	0	169	69	2	0	1	2	1	0	0	0	2	0	1	3	3	5	0	1	0	0	0	1	7	12	7	3	2	1	5	3	2	1	0	4	0	0	3	3	2	0	1	2	0	0	1	1	0	1	0	1	0	5	0	1	0	0	1	0	0	0	0	1	1	0	1	0	1	0	0	1	0	0	1	0	3	0	1	1	3	1	8	1	1	2	3	0	0	0	2	0	0	2	0	0	1	0	1	0	0	0	0	0	0	0	0	1	0	0	1	1	0	0	0	0	0	0	0	0	1	0	0	0	0	0	0	0	0	0	0	0	1	1	1	0	1	0	1	2	2	1	0	1	1	0	0	0	0	0	0	0	0	0	1	0	0	0	0	0	0	0	0	0	0	0	0	0	0	0	0	1	1	0	2	2	6	1	1	0	2	0	0	0	0	1	0	1	1	0	1	1	1	1	0	2	0	0	0	1	0	0	0	3	1	1	2	0	0	0	1	0	2	0	1	0	1	0	0	0	1	0	0	0	0	1	0	1	0	1	0	0	1	0	0	0	0	0	0	0	1	0	1	0	2	0	0	0	1	0	1	0	0	0	0	0	0	0	0	0	1	0	2	0	1	0	0	0	0	0	0	0	2	0	0	2	0	0	0	0	1	0	0	0	0	0	0	0	0	0	0	0	0	0	1	0	0	1	0	0	0	0	0	1	0	1	1	0	0	0	0	0	1	0	0	0	0	0	0	1	1	1	1	1	1	1	1	0	0	0	0	0	0	0	2	0	1	3	0	1	1	2	0	0	0	0	0	0	0	0	0	0	1	0	0	0	0	0	0	0	1	0	0	0	0	0	0	0	0	0	0	0	0	3	0	1	0	0	0	0	1	0	0	2
"R.huebeneriana.GOT.2"	0	11	9	0	4	1	1	0	1	0	0	1	3	0	3	0	3	0	0	2	2	0	1	0	7	3	0	2	3	4	0	0	1	1	0	0	0	1	2	3	1	2	6	1	0	0	0	1	2	0	0	10	3	5	0	0	0	2	0	1	1	0	2	0	0	1	1	2	2	2	0	0	0	146	55	2	0	1	1	1	0	0	0	2	0	1	2	3	4	0	1	0	0	0	1	5	10	7	1	1	1	3	3	1	1	0	3	0	0	3	2	2	0	0	2	0	0	1	1	0	1	0	1	0	5	0	1	0	0	1	0	1	0	0	1	1	0	1	0	1	0	0	1	1	0	1	1	1	0	1	1	3	0	9	1	1	2	2	0	0	0	2	0	0	1	0	0	0	0	1	0	0	0	0	0	0	0	0	1	0	0	1	0	1	0	0	0	0	0	0	0	0	0	0	0	0	0	0	1	0	0	0	0	1	1	1	0	1	0	1	1	2	1	0	0	1	0	0	0	0	0	0	0	0	0	0	0	0	0	0	0	0	0	0	0	0	0	0	0	0	0	0	1	1	0	1	1	4	2	1	0	2	0	0	0	0	1	0	1	1	0	1	1	1	1	0	2	0	1	0	1	0	0	0	3	0	1	2	0	0	0	0	0	1	0	1	0	0	0	0	0	1	0	0	0	0	1	0	1	0	1	0	0	1	0	0	0	0	0	0	0	1	0	1	0	1	0	0	0	1	0	1	0	1	0	0	0	0	0	0	0	1	0	1	0	1	0	0	0	0	0	0	0	1	0	0	1	0	0	0	0	1	0	0	0	0	0	0	0	0	0	0	0	0	0	1	1	0	1	0	0	0	0	0	1	0	0	0	0	0	0	0	0	1	0	0	0	0	0	0	1	1	0	1	1	0	2	0	0	0	0	0	0	0	0	1	0	1	3	0	1	1	2	0	0	0	0	0	0	0	0	0	0	1	0	0	0	0	0	0	0	1	0	0	0	0	0	0	0	0	0	0	0	0	3	0	1	0	0	0	0	1	0	0	1
"R.huebeneriana.GOT.3"	0	12	9	0	5	1	1	0	1	0	0	1	3	0	4	0	3	0	0	2	2	0	1	0	7	3	0	1	3	3	0	0	1	1	0	0	0	1	2	3	1	2	7	2	0	0	0	1	3	0	0	11	3	6	0	0	0	2	0	0	1	0	2	0	0	1	1	2	2	2	0	0	0	142	58	2	0	1	2	1	0	0	0	2	0	1	1	4	3	0	1	0	0	0	0	4	8	7	1	1	1	3	3	2	1	0	4	0	0	3	1	1	0	0	2	0	0	1	0	0	1	0	1	0	4	0	1	0	0	1	0	1	0	0	1	1	0	1	0	1	0	0	1	0	0	1	1	1	0	1	1	3	0	7	1	0	2	2	0	0	0	2	0	0	2	0	0	0	0	1	0	0	0	0	0	0	0	0	1	0	0	0	0	1	0	0	0	0	0	0	0	1	0	0	0	0	0	0	0	0	0	0	0	1	1	1	0	1	0	1	1	2	1	0	0	1	0	0	0	0	0	0	0	0	0	0	0	0	0	0	0	0	0	0	0	0	0	0	0	0	0	0	1	1	0	2	1	4	2	1	0	2	0	0	0	0	1	0	1	1	0	1	1	1	1	0	2	0	0	0	1	0	0	0	3	1	0	2	0	0	0	0	0	1	0	0	0	0	1	0	0	1	0	0	0	1	1	0	1	0	1	0	0	0	0	0	0	0	0	0	0	1	0	1	0	1	0	0	0	1	0	1	0	0	0	0	0	0	0	0	0	1	0	1	0	0	0	0	0	0	0	0	1	1	0	0	2	0	0	0	0	1	0	0	0	0	0	0	0	0	0	0	0	0	0	1	0	0	1	0	0	0	0	0	1	0	1	1	0	0	0	0	0	1	0	0	0	0	0	0	1	0	1	1	1	0	1	0	0	0	0	1	0	0	0	2	0	1	3	0	1	1	2	0	0	0	0	0	0	0	0	0	0	1	0	0	0	0	0	0	0	1	0	0	0	0	0	0	0	0	0	0	0	0	3	0	1	0	0	0	0	1	0	0	1
"A.gracilis.SWE.1"	1	1	15	0	9	2	1	0	1	0	1	2	3	1	2	1	0	1	0	2	2	0	2	1	5	9	2	2	2	3	1	0	2	0	2	3	0	1	0	5	1	0	2	1	0	4	2	0	6	0	0	9	4	3	0	1	1	0	0	2	0	1	1	0	0	7	1	1	2	1	0	2	3	170	62	1	1	1	3	0	1	1	1	6	2	1	1	5	3	0	0	0	0	0	0	11	5	4	2	4	1	1	2	0	1	0	6	0	1	1	5	1	1	0	0	1	1	0	1	1	3	3	0	0	10	0	0	1	2	3	0	0	0	0	0	1	1	2	0	1	0	0	1	1	2	1	1	1	0	0	1	0	1	20	1	0	0	2	2	0	0	0	1	1	0	0	0	0	1	0	0	1	0	1	0	0	0	0	0	0	1	0	0	0	0	0	0	0	1	0	0	0	0	0	0	1	0	1	0	0	0	1	0	0	0	0	0	0	0	1	1	0	1	0	0	0	0	0	0	0	0	1	1	1	1	0	4	1	1	1	0	0	0	0	0	1	1	0	1	0	0	0	4	0	1	2	1	2	3	1	2	1	0	0	1	0	1	1	1	0	0	0	0	0	0	2	1	0	0	0	0	3	0	0	1	1	0	0	0	0	0	0	0	1	0	0	0	0	0	0	2	0	0	0	0	0	1	0	0	0	0	0	2	0	1	0	0	0	0	0	0	0	0	0	1	0	0	0	0	0	0	0	0	0	2	0	0	0	0	0	0	0	0	0	0	0	1	0	0	1	1	0	0	0	0	0	2	1	0	0	0	1	0	0	1	0	0	1	0	0	0	0	0	0	0	1	0	0	3	0	1	0	0	0	0	0	1	0	0	0	1	1	0	1	0	1	0	1	0	0	1	0	1	0	1	1	1	0	0	0	1	0	0	0	0	3	0	1	4	0	0	1	0	0	0	0	0	1	0	0	0	1	0	0	0	0	0	0	0	0	1	1	0	0	0	1	0	0	0	0	0	0	0	1	0	0	1	1	0	0	1	1	0	0	0
"A.gracilis.SWE.2"	1	1	16	0	11	2	0	0	0	0	1	4	6	1	3	1	0	2	0	3	2	1	4	1	5	8	2	2	3	1	1	0	2	0	1	3	0	0	0	7	1	0	3	2	0	4	2	1	5	0	0	9	4	3	1	1	1	1	0	3	0	1	1	1	0	7	1	0	2	2	0	1	3	196	65	1	1	2	3	0	0	1	0	6	1	1	4	9	5	0	0	0	0	1	0	10	8	8	3	6	1	2	3	1	2	1	4	0	1	2	4	1	1	0	0	1	1	0	0	1	2	1	0	0	7	0	1	0	2	3	0	0	0	0	0	1	1	2	0	1	0	0	1	1	2	2	2	2	0	1	2	0	1	18	1	0	0	1	2	0	0	0	1	1	0	0	0	0	1	0	0	1	0	1	0	0	0	0	0	0	1	0	0	0	0	0	0	0	1	0	0	0	0	0	0	1	0	1	0	0	0	1	0	0	0	0	0	0	0	1	1	0	1	0	0	0	0	1	0	0	0	0	1	1	1	0	3	1	0	1	0	0	0	1	1	1	1	0	1	0	0	0	3	0	1	3	2	2	3	1	2	1	0	0	1	0	1	1	0	0	0	0	0	0	0	3	1	0	0	0	0	4	0	0	0	1	0	0	0	0	0	0	0	1	0	0	0	0	0	0	2	0	0	0	0	0	1	0	0	0	0	0	2	0	1	0	0	0	0	0	0	0	0	0	1	0	0	0	0	0	0	0	0	0	1	0	0	0	0	0	0	0	0	0	0	0	1	0	0	1	0	0	1	0	0	0	1	1	0	0	0	1	0	0	1	0	0	2	0	0	0	0	1	0	0	2	0	0	4	0	0	0	0	0	0	1	1	0	0	1	1	1	0	1	0	0	0	1	0	0	1	0	1	1	1	1	1	0	0	0	1	0	0	0	0	2	0	1	6	0	0	1	0	0	0	0	0	1	0	0	0	1	0	0	1	0	0	0	0	2	1	0	0	0	0	1	0	0	0	0	0	1	1	0	0	1	1	1	0	0	1	1	0	0	0
"A.gracilis.SWE.3"	0	0	7	0	2	1	1	0	1	0	1	2	2	0	2	1	0	0	0	2	1	0	1	0	5	6	1	1	1	6	0	0	1	0	1	0	0	1	0	3	1	0	1	1	0	0	1	0	3	0	1	6	2	4	0	0	1	0	0	1	0	1	1	0	0	6	0	1	1	0	0	1	2	119	37	1	0	0	3	0	0	0	1	4	2	0	2	7	4	0	0	0	0	0	0	5	4	5	0	1	1	0	2	0	1	0	4	0	0	2	4	1	1	0	0	1	1	0	0	0	2	1	0	0	6	0	0	0	1	3	0	0	0	0	0	1	1	1	1	1	0	0	1	1	1	1	2	0	0	0	1	0	1	13	1	0	0	2	1	0	0	0	1	1	0	0	0	0	1	0	0	1	0	1	0	0	0	0	0	0	1	0	0	0	0	0	0	0	1	0	0	1	0	0	0	1	0	1	0	0	0	1	0	0	0	0	0	0	0	0	1	0	1	0	0	0	0	0	0	0	0	0	1	1	1	0	4	1	0	0	0	0	0	0	1	1	1	0	0	0	0	0	1	0	1	2	1	3	1	1	0	1	0	0	1	0	1	0	1	0	0	0	0	0	0	2	1	0	0	1	0	1	0	0	1	1	0	0	0	0	0	0	0	1	0	0	0	0	0	0	1	0	0	0	0	0	1	0	0	0	0	0	1	0	0	0	0	0	0	0	0	0	0	0	1	0	0	0	0	0	0	0	0	0	0	0	0	0	0	0	0	0	0	0	0	0	1	0	0	1	0	0	1	0	0	0	1	0	0	0	0	0	0	0	0	0	0	0	0	0	0	0	0	0	0	1	0	0	1	0	0	0	0	0	0	0	0	0	0	0	0	1	0	1	0	0	0	1	0	0	0	0	1	0	1	1	1	0	0	0	1	1	0	0	0	1	0	1	3	0	0	1	0	0	0	0	0	0	0	0	1	1	0	0	0	0	0	0	0	0	0	0	0	0	0	0	0	0	0	0	0	0	0	1	0	0	1	1	0	0	0	1	0	0	0
"R.gothica.GOT.1"	0	12	26	0	2	4	2	0	2	0	0	3	5	2	7	1	3	1	0	8	3	0	4	1	11	11	1	0	2	7	0	1	1	0	2	5	0	2	2	6	2	3	9	4	4	3	4	0	7	0	0	13	6	9	2	0	4	1	1	1	0	3	1	1	0	2	2	1	5	3	1	3	3	422	117	2	4	3	5	2	2	0	0	8	5	2	3	4	8	1	1	1	1	3	0	17	8	6	1	2	1	6	3	2	0	1	7	1	0	6	5	0	2	0	0	1	0	2	1	0	5	1	1	1	13	1	4	1	1	1	1	0	2	0	1	1	0	4	0	1	3	2	1	0	2	1	1	1	1	1	2	1	0	16	0	0	0	2	1	0	0	2	0	0	2	0	0	0	0	0	0	0	0	0	1	1	0	1	0	1	0	1	1	1	0	1	0	2	0	0	0	0	0	0	0	0	1	0	1	1	0	1	0	1	4	1	0	0	1	2	4	2	1	1	1	0	0	0	0	0	0	0	1	0	0	1	2	0	0	0	0	0	1	0	0	0	0	0	1	0	1	0	3	1	0	1	4	5	4	0	1	1	0	1	0	0	0	1	1	1	0	0	2	0	1	1	1	0	1	0	0	1	0	0	2	0	1	1	0	0	0	2	1	3	0	1	1	1	0	0	3	1	2	0	0	2	1	0	0	1	1	0	1	0	0	1	1	0	0	1	1	1	0	1	1	5	0	1	3	1	1	0	1	0	0	0	0	1	0	0	0	1	0	1	0	1	0	0	0	0	0	0	0	1	0	0	1	0	0	0	1	0	0	0	0	0	0	2	0	0	1	1	0	2	1	1	3	1	2	0	0	0	0	0	0	0	1	3	0	0	1	0	0	2	0	1	1	0	0	0	0	1	1	0	1	1	1	1	0	0	1	0	0	0	0	2	0	0	3	1	0	0	1	0	0	0	1	1	0	0	0	0	0	0	1	1	0	1	0	0	0	1	1	1	0	1	0	0	0	0	0	0	1	0	1	0	1	1	0	0	0	1	0	1	0
"R.gothica.GOT.2"	0	11	17	0	0	3	1	0	1	0	0	2	5	1	7	1	2	2	0	7	3	0	3	1	11	7	2	0	2	6	0	1	1	1	0	5	1	2	1	5	2	4	7	3	3	3	5	0	7	1	0	17	5	12	1	0	3	1	1	1	0	2	1	1	0	2	1	1	4	4	0	2	3	353	105	3	1	4	2	2	1	0	0	11	4	2	1	4	8	1	0	1	1	3	0	12	8	9	1	2	1	4	2	2	0	0	8	0	1	5	3	0	2	0	0	1	1	2	1	0	3	0	1	0	13	1	4	0	1	0	1	2	0	1	1	1	0	4	2	1	2	0	1	0	1	1	0	3	1	1	2	1	1	15	0	0	0	1	1	0	0	1	0	0	1	0	0	0	0	0	0	0	0	0	0	1	0	1	0	1	0	0	1	0	0	1	0	2	0	0	0	0	0	0	0	0	0	0	1	2	0	1	0	1	4	1	0	1	0	1	4	1	1	1	1	0	0	1	0	0	0	0	0	0	0	1	1	0	1	0	0	0	1	0	0	0	0	0	1	0	1	0	4	1	0	1	4	6	4	0	1	0	0	1	0	0	1	1	2	1	0	0	2	2	1	1	1	0	1	1	0	1	0	0	2	0	0	1	0	0	0	1	1	2	0	0	0	1	1	0	1	1	0	0	0	2	1	0	0	1	1	0	2	0	0	0	1	0	0	1	1	1	0	1	1	4	0	1	3	1	0	1	0	0	0	0	0	1	0	0	0	1	0	0	0	0	0	0	0	0	0	0	1	1	0	0	5	0	0	0	1	0	0	0	0	0	0	2	0	0	1	1	0	2	1	1	2	0	4	0	1	0	0	0	0	0	1	2	0	0	1	0	1	2	0	1	1	0	0	0	0	0	1	0	1	1	1	0	1	0	1	0	0	0	0	2	0	0	2	1	0	0	1	0	0	0	1	0	0	0	0	0	0	0	0	0	0	0	0	1	0	1	0	0	0	1	1	1	0	0	0	0	0	0	0	0	1	1	0	0	0	1	0	0	0
"R.gothica.GOT.3"	0	10	20	0	1	3	1	0	1	0	0	3	5	2	6	1	2	1	0	7	4	0	3	1	11	10	2	0	2	6	2	1	1	2	0	3	1	2	1	5	2	4	8	4	4	3	3	1	8	1	1	16	6	11	1	0	3	1	1	1	0	1	1	1	0	1	1	2	4	3	0	2	2	370	112	4	4	4	3	1	2	0	0	10	4	2	1	4	8	1	0	1	1	3	0	15	9	5	2	2	1	5	2	3	1	0	6	0	1	6	4	0	3	0	0	1	0	2	1	0	3	0	0	0	12	1	4	0	1	0	1	1	0	1	2	1	0	4	2	1	3	0	1	1	1	1	0	2	0	2	2	1	0	15	0	0	0	1	1	0	0	1	0	0	2	0	0	0	0	0	0	1	0	0	0	1	0	0	0	1	0	1	1	1	0	1	0	1	0	0	0	0	0	0	0	0	0	0	1	1	0	1	0	1	4	1	0	1	1	2	4	1	1	1	1	0	0	1	0	0	0	0	0	1	0	1	1	0	0	0	1	0	1	0	0	0	0	0	1	0	1	0	3	1	0	1	4	5	5	0	1	1	0	1	0	0	1	0	1	1	0	0	2	2	1	0	1	0	1	1	0	2	0	0	2	0	0	1	0	0	0	1	1	3	0	0	1	1	0	0	2	1	0	0	0	2	1	0	0	1	1	0	2	0	0	0	1	0	0	1	1	1	0	1	1	4	0	1	2	1	0	1	0	0	0	0	0	1	0	0	0	1	0	0	0	0	0	0	0	0	0	0	0	1	0	0	2	0	0	0	1	0	0	0	0	0	0	2	0	0	1	1	0	2	1	1	2	0	4	0	1	0	0	0	0	0	1	3	0	0	1	0	1	2	0	1	1	0	0	0	0	1	1	0	1	1	1	0	0	0	1	0	0	0	0	3	0	0	2	1	0	0	0	0	0	0	1	0	0	0	0	0	0	0	1	0	0	1	0	0	0	2	0	0	0	1	0	0	0	0	0	0	0	0	1	0	1	1	0	0	0	1	0	0	0
"M.fragrans.GOT.1"	0	3	5	0	0	2	0	1	0	0	0	3	4	0	3	0	1	1	0	4	1	0	1	0	3	3	0	1	1	7	0	0	1	0	0	0	0	0	0	3	2	0	1	2	1	4	2	0	5	1	0	4	2	1	0	0	0	1	0	0	1	0	0	1	0	1	1	1	2	1	0	1	3	103	39	0	0	3	2	0	1	1	1	3	0	1	1	3	5	1	0	0	0	0	1	6	6	5	5	8	1	3	1	1	0	0	7	0	0	1	1	0	2	0	0	0	0	0	0	0	1	1	1	0	3	0	1	1	0	1	0	1	1	0	0	1	1	3	2	0	0	0	1	1	1	0	1	2	0	0	2	0	0	10	0	0	0	1	3	0	0	0	0	0	1	0	0	0	0	0	0	0	0	0	0	0	0	1	0	1	0	0	0	0	0	0	0	0	1	0	0	0	0	0	0	0	0	1	0	0	0	1	0	0	0	0	0	0	0	0	1	1	0	0	0	0	0	0	0	0	0	0	0	0	0	0	1	0	1	0	0	0	0	0	0	0	0	0	0	0	1	0	2	1	0	2	1	4	2	0	0	0	0	0	0	0	2	1	2	0	0	0	0	1	0	1	1	0	1	3	0	1	0	0	0	0	0	0	0	0	0	1	0	1	0	0	0	0	0	0	1	1	0	0	0	0	1	0	0	0	1	0	0	0	0	0	0	0	0	0	0	0	0	0	0	0	0	0	0	0	0	1	0	0	0	0	0	0	0	0	0	0	0	0	0	0	0	0	0	0	1	1	1	0	0	0	2	1	0	1	0	0	0	0	1	0	0	0	0	0	0	0	0	1	0	1	0	0	1	1	0	0	0	0	1	0	1	0	0	0	0	0	0	1	0	0	0	0	0	0	0	0	0	0	1	1	1	0	1	0	1	0	0	0	0	5	0	0	4	0	0	0	0	0	0	0	0	0	0	0	0	0	0	1	0	0	0	0	0	1	0	2	0	0	0	0	0	0	0	0	0	0	0	1	0	0	1	3	0	1	1	1	0	0	0
"M.fragrans.GOT.2"	1	2	4	0	2	2	0	1	1	0	0	6	4	0	3	0	1	1	0	4	0	0	1	0	3	4	1	1	2	6	0	0	1	0	0	0	0	0	0	1	2	0	1	1	1	3	3	0	5	0	0	4	2	0	1	0	1	1	1	1	1	0	0	1	0	1	1	1	2	1	0	1	4	111	42	1	0	2	3	0	0	0	1	4	0	1	1	2	2	1	0	0	0	1	1	4	7	3	5	6	1	2	1	1	0	0	8	0	1	1	1	0	1	0	1	0	0	0	1	0	1	3	1	0	2	0	1	0	0	1	0	1	1	0	0	1	1	2	2	0	0	0	1	1	1	1	1	2	0	0	1	0	1	10	0	0	0	0	2	0	0	0	0	1	1	0	0	0	0	0	0	0	0	0	0	0	0	1	0	0	0	1	0	1	0	0	0	0	1	0	0	0	0	0	0	0	0	2	0	0	0	1	0	0	0	0	0	0	0	0	1	0	1	0	0	0	0	0	0	0	0	0	0	0	0	0	1	0	1	0	0	0	0	0	0	0	1	0	0	0	0	0	5	1	0	2	1	5	1	0	0	1	0	0	0	0	1	0	1	0	0	0	0	0	1	2	1	0	1	0	0	0	0	0	0	0	0	0	0	0	0	1	0	1	0	0	0	0	0	0	1	1	0	0	0	0	1	0	0	0	1	0	0	0	0	0	0	0	0	1	0	1	0	0	0	0	0	0	0	0	0	1	0	0	0	0	0	0	0	0	0	0	0	0	0	0	1	0	0	0	1	1	1	0	0	0	3	1	0	1	0	0	0	0	1	0	0	0	0	0	0	0	0	1	0	1	0	0	0	1	0	0	0	0	1	0	1	0	0	0	0	0	0	1	0	0	0	0	0	0	1	0	0	0	2	1	1	0	1	0	1	0	0	0	0	3	0	0	3	0	0	1	0	0	0	0	0	0	0	0	1	0	0	1	0	0	0	0	0	0	0	0	0	0	0	0	0	0	0	0	0	0	0	1	0	0	1	3	0	1	1	1	0	0	0
"M.fragrans.GOT.3"	1	2	9	0	1	1	0	1	0	1	1	2	5	0	4	0	1	0	0	5	0	0	1	0	2	4	0	1	1	5	0	0	1	0	1	0	0	0	0	2	1	0	1	1	1	5	2	0	3	0	0	4	3	0	2	1	2	1	0	1	0	0	0	1	0	1	0	1	2	2	0	2	2	112	45	1	0	1	4	0	0	0	2	4	1	1	2	4	3	0	0	0	0	1	1	9	8	4	3	7	0	1	1	1	0	0	7	1	1	1	0	0	1	0	0	0	0	0	1	0	2	2	0	0	3	0	1	1	0	1	0	0	1	0	0	1	1	2	2	0	1	0	1	1	1	1	3	1	0	0	1	0	0	9	0	0	0	0	2	0	0	1	0	1	1	0	0	0	0	0	0	1	0	0	0	0	0	1	0	0	0	0	0	0	0	0	0	0	1	1	0	0	0	0	0	1	0	2	0	0	0	1	0	0	0	0	0	0	0	0	2	0	1	0	0	0	0	0	0	0	0	0	1	0	1	0	1	1	1	0	0	0	0	0	0	0	1	0	0	0	1	0	3	0	0	1	3	4	0	1	1	1	0	0	0	0	0	0	1	0	0	0	0	0	0	1	1	0	1	0	0	1	0	0	0	0	0	0	1	0	0	0	0	1	0	0	0	0	0	0	1	1	0	0	0	0	1	0	0	0	0	0	0	0	0	0	0	0	0	1	0	0	0	0	0	0	0	0	0	0	0	1	0	0	0	0	0	0	0	0	0	0	0	0	0	0	1	0	0	0	1	1	1	0	0	0	2	1	0	1	0	0	0	0	1	0	0	0	0	0	0	0	0	1	0	1	0	0	0	1	0	0	0	0	0	0	1	0	0	0	0	0	0	1	0	0	0	0	0	0	1	0	0	0	1	1	1	0	1	0	1	0	0	0	0	4	0	0	3	0	0	1	0	0	0	0	0	0	0	0	0	0	0	0	0	0	0	0	0	1	0	2	0	0	0	0	0	1	0	0	0	0	0	1	0	0	1	3	0	0	1	1	0	0	0
"R.hemisphaerica.GOT.1"	1	2	10	0	6	1	2	0	0	1	1	4	5	0	4	0	1	1	0	3	3	1	3	0	6	8	2	1	3	4	0	0	0	0	2	3	0	1	1	6	2	0	0	2	0	4	2	1	7	1	0	5	5	2	3	1	2	0	0	2	1	0	0	1	2	1	0	3	3	3	0	0	3	141	71	3	0	0	4	0	0	1	1	5	1	2	2	6	5	0	0	1	0	1	1	8	7	6	1	8	0	1	3	0	0	0	6	1	2	5	2	0	2	1	0	0	0	0	1	2	2	4	0	0	5	1	1	1	1	1	0	0	0	0	0	1	1	3	1	0	2	0	1	1	0	1	2	1	0	2	1	0	1	27	0	0	1	1	0	1	0	1	0	1	1	0	0	0	0	0	1	1	0	1	0	0	0	0	0	0	1	0	0	0	0	0	0	1	1	1	0	1	0	0	0	1	0	2	0	0	0	1	0	0	0	0	0	0	0	0	1	0	1	0	0	0	0	0	0	0	0	0	1	0	0	0	3	1	1	0	0	1	0	0	1	1	2	0	0	0	1	1	3	0	0	1	5	3	2	2	1	1	1	0	2	0	0	1	1	0	0	0	0	1	0	2	1	0	0	1	0	1	0	0	0	0	0	1	1	0	0	0	0	1	0	0	0	0	0	1	3	0	0	0	0	0	0	0	2	0	0	1	0	1	1	0	0	0	1	1	0	0	0	0	1	3	0	0	0	0	0	1	0	0	4	0	0	0	0	0	0	0	0	0	0	0	1	0	0	0	0	0	0	0	0	0	1	1	0	0	0	0	0	0	0	0	0	0	1	0	0	0	1	0	0	1	1	0	2	1	0	0	0	0	1	0	1	0	0	0	0	0	0	1	0	0	0	0	1	0	1	0	0	0	2	1	1	0	0	1	1	0	0	0	0	4	0	0	4	0	0	1	0	0	0	0	0	0	0	0	0	1	0	0	0	0	0	0	0	1	0	0	0	0	0	0	0	0	0	0	0	1	0	0	0	0	1	2	0	1	3	1	0	0	0
"R.hemisphaerica.GOT.2"	1	2	11	0	4	1	2	1	0	1	1	5	5	0	3	0	1	2	0	3	2	1	2	0	4	6	2	0	3	3	0	0	1	0	2	2	0	1	1	5	2	0	0	3	0	6	2	1	8	1	0	6	6	2	4	1	2	0	0	2	1	0	1	1	2	1	0	2	2	3	0	2	4	164	68	4	0	1	4	0	0	1	3	5	1	3	3	7	6	1	0	1	0	1	0	8	9	7	1	7	0	1	4	0	1	0	6	1	1	4	1	0	2	0	0	1	1	0	1	1	2	5	0	0	6	1	0	1	1	1	0	1	0	0	0	1	1	3	3	0	2	0	1	1	0	1	2	2	0	1	1	1	1	25	0	0	1	2	0	1	0	1	0	1	2	0	0	0	0	0	1	1	0	1	0	0	0	1	0	1	1	0	0	0	0	0	0	1	1	1	0	1	0	0	0	0	0	2	0	0	0	1	0	0	0	0	0	0	0	0	2	0	1	0	0	0	0	1	0	0	0	0	1	0	1	0	3	1	1	0	0	1	0	0	1	1	2	1	1	0	0	1	3	0	0	2	5	6	2	2	1	0	1	0	2	0	0	0	2	0	0	0	0	1	0	3	1	0	1	0	0	1	0	0	0	0	0	1	1	0	0	0	0	2	0	0	0	0	0	1	3	1	0	0	1	0	0	0	2	0	0	1	0	0	1	0	0	0	1	0	0	0	0	0	2	3	0	0	0	0	0	0	0	0	4	0	0	0	0	0	0	0	0	0	0	0	1	0	0	0	0	0	0	0	0	0	2	1	0	1	0	1	0	0	0	0	0	2	1	0	0	0	1	0	0	1	0	0	3	1	0	0	0	0	1	0	1	0	0	0	0	0	0	0	0	0	0	0	1	0	1	0	0	1	2	1	1	1	0	1	1	0	0	1	0	4	0	0	4	0	0	0	0	0	0	0	0	0	0	0	0	1	0	0	0	0	0	0	0	1	0	0	0	0	0	0	0	0	0	0	0	1	1	0	0	0	1	2	0	2	3	1	0	0	0
"R.hemisphaerica.GOT.3"	1	1	9	0	6	1	1	0	0	1	1	6	6	0	4	0	1	1	0	3	3	1	2	0	5	9	3	1	3	4	0	0	2	0	2	3	0	1	1	6	2	1	1	2	0	6	1	1	7	1	0	7	4	3	4	1	2	0	0	2	2	0	1	1	2	1	0	3	2	3	0	1	3	166	71	5	0	0	5	0	0	1	2	5	2	2	4	8	5	0	0	1	0	1	0	9	7	5	2	7	1	1	4	0	0	0	6	1	1	4	2	0	2	1	0	2	1	0	2	2	3	4	0	0	7	1	0	0	1	1	0	1	0	0	0	1	1	3	2	0	1	0	1	1	0	2	4	0	0	2	1	1	1	27	0	0	1	1	0	1	0	1	0	1	0	0	0	0	0	0	1	1	0	0	0	0	0	0	0	1	1	0	0	0	0	0	0	1	1	1	0	1	0	0	0	1	0	1	0	0	0	1	0	0	0	0	0	0	0	0	2	0	1	0	0	0	1	1	0	0	0	0	1	0	0	0	4	1	1	0	0	1	0	0	1	1	2	0	0	1	0	1	3	0	0	1	4	3	2	2	2	0	1	0	2	0	1	0	1	0	0	0	0	1	0	2	1	0	1	1	0	2	0	0	0	0	0	1	1	0	0	0	0	1	0	0	0	0	0	1	3	0	0	0	1	0	0	0	2	0	0	1	1	0	1	0	0	0	1	0	0	0	0	0	2	3	0	0	0	0	0	0	0	0	5	0	0	1	0	0	0	0	0	0	0	0	1	0	0	0	0	0	1	0	0	0	2	1	0	1	0	1	0	0	0	0	0	2	1	0	0	0	1	0	0	1	1	0	2	1	0	0	0	0	1	1	1	0	0	0	0	0	0	1	0	0	0	0	1	0	1	0	0	0	2	1	1	1	0	1	1	0	0	1	0	4	0	0	3	0	0	0	0	0	0	0	0	0	0	0	1	1	0	0	1	0	0	0	0	1	0	0	0	0	0	0	0	0	0	0	0	1	1	0	0	0	1	2	1	2	3	1	0	1	0
"A.hyalina.GOT.1"	1	2	11	0	2	2	0	0	2	1	0	5	3	0	4	1	1	2	0	2	2	0	1	2	4	9	2	1	1	4	0	0	1	0	3	1	1	0	0	3	2	0	0	2	1	6	1	0	7	0	1	5	5	2	3	1	1	1	0	3	0	1	2	0	2	1	1	2	1	1	0	1	2	136	61	2	2	0	5	0	1	0	1	8	2	0	2	7	4	0	0	0	0	1	1	7	13	4	3	6	1	2	1	0	0	0	6	0	1	3	1	0	1	0	0	0	1	0	2	1	2	1	0	0	1	0	0	0	0	1	1	1	0	0	1	1	1	2	2	1	0	0	1	1	1	0	2	1	0	0	1	0	1	19	0	0	0	1	0	1	0	1	1	1	0	0	0	0	0	0	0	0	0	1	0	0	0	0	0	0	0	0	0	0	0	0	0	0	1	0	0	0	0	0	0	1	0	2	0	0	0	1	0	0	1	0	0	0	0	0	1	0	1	0	0	0	1	0	0	0	0	0	1	0	0	0	1	1	0	0	0	0	0	0	0	1	1	0	0	1	0	0	3	0	0	0	1	1	1	2	1	0	0	0	0	0	1	0	1	0	0	0	0	0	0	1	2	0	0	0	0	0	0	0	0	0	0	1	1	0	0	0	0	0	0	1	0	0	0	0	2	0	0	0	0	0	0	0	0	0	0	0	0	0	1	0	0	0	0	0	0	0	0	0	1	0	0	0	0	0	0	0	0	0	1	1	0	0	0	0	0	0	0	0	0	0	1	1	0	0	0	0	1	1	0	0	1	1	0	0	1	0	0	0	1	0	1	1	0	0	0	0	0	0	0	1	0	0	2	1	0	0	0	0	0	0	1	1	0	0	0	0	0	1	0	0	0	0	0	0	1	0	1	0	1	1	1	0	1	0	1	0	0	0	0	1	0	1	3	0	0	1	0	0	0	0	1	0	0	0	0	0	0	0	0	0	0	0	0	0	0	0	0	0	0	1	0	0	0	0	0	0	1	1	0	0	1	0	0	0	0	1	0	0	1
"A.hyalina.GOT.2"	1	4	11	1	1	2	0	0	2	1	2	5	1	0	4	0	1	2	0	3	0	0	1	1	5	5	2	1	4	4	0	0	0	0	4	2	2	0	0	4	2	0	0	1	1	5	1	0	7	0	2	6	5	0	3	0	1	1	0	4	0	1	2	0	2	1	1	1	2	1	0	0	2	137	51	2	0	1	5	0	1	1	1	9	1	1	3	7	5	0	0	0	0	1	1	6	8	4	2	5	1	2	1	0	0	0	5	1	0	2	1	0	1	0	0	1	1	0	2	1	1	0	0	0	2	0	1	0	0	1	0	1	0	0	1	1	1	1	2	0	0	0	1	1	1	2	2	2	0	1	1	0	0	18	0	0	0	1	0	1	0	1	0	1	0	0	0	0	0	0	0	0	0	1	0	0	0	1	0	0	0	0	0	0	0	0	0	0	1	0	0	1	0	0	0	1	0	2	0	0	0	1	0	0	1	0	0	0	0	0	2	0	1	0	0	0	0	0	0	0	0	0	1	0	0	0	1	1	0	0	0	0	0	0	0	1	0	0	0	1	0	0	2	0	0	2	3	2	1	2	0	0	0	0	0	0	0	1	1	0	0	0	0	0	0	1	1	0	1	0	0	0	0	0	0	0	0	0	1	0	0	0	0	0	0	1	0	0	0	0	2	1	0	0	0	1	0	0	0	0	0	0	0	0	0	0	0	0	1	0	0	0	0	0	1	0	0	0	0	0	0	0	0	0	1	0	0	0	0	0	0	0	0	0	0	0	1	0	0	0	0	0	2	1	0	0	1	1	0	0	0	1	0	0	1	0	1	1	0	0	0	0	0	0	0	1	0	0	2	1	1	0	0	0	0	0	1	1	0	0	0	0	0	1	0	0	0	0	0	0	1	0	0	0	1	1	1	0	0	0	1	0	0	0	0	3	0	1	5	0	0	1	0	0	0	0	1	0	0	0	0	0	0	0	0	0	0	0	0	0	0	0	0	0	0	1	0	0	1	0	0	0	1	0	0	0	1	0	0	0	0	1	0	0	0
"A.hyalina.GOT.3"	1	3	9	1	3	2	0	0	2	0	2	4	2	0	4	1	1	2	0	2	1	0	1	1	5	6	2	1	3	6	0	0	1	0	3	1	0	0	0	3	2	0	0	2	0	6	1	0	6	0	2	6	3	0	2	0	2	1	0	3	0	1	2	0	1	1	0	1	1	1	0	1	2	118	50	2	0	0	6	0	1	0	2	8	1	0	3	9	4	0	0	0	0	0	2	7	12	3	2	6	1	1	1	0	0	0	5	0	0	1	2	1	0	0	0	0	1	0	2	1	1	0	0	0	2	0	0	0	0	1	0	1	0	0	0	1	1	3	1	1	0	0	1	1	1	1	2	1	0	0	1	0	1	14	0	0	0	1	0	1	0	1	0	1	0	0	0	0	0	0	0	0	0	1	0	0	0	0	0	0	0	0	0	0	0	0	0	0	1	0	0	0	0	0	0	0	0	2	0	0	0	1	0	0	1	0	0	0	0	0	2	0	1	0	0	0	0	0	0	0	0	0	1	0	0	0	1	1	1	0	0	0	0	0	0	1	0	0	0	1	0	0	2	0	0	0	1	2	2	1	0	1	0	0	0	0	0	0	1	0	0	0	0	0	0	2	2	0	1	0	0	0	0	0	0	0	0	1	1	0	0	0	0	0	0	1	0	0	0	0	1	0	0	0	0	0	0	0	0	0	0	0	0	0	0	0	0	0	0	0	0	0	0	0	1	0	0	0	0	0	0	0	0	0	1	0	0	0	0	0	0	0	0	0	0	0	1	0	0	0	0	0	1	1	0	0	0	1	0	0	1	1	0	0	1	0	1	1	0	0	0	0	0	0	0	1	0	0	2	1	0	0	0	0	0	0	0	1	0	0	0	0	0	0	0	0	0	0	0	1	1	0	1	0	2	1	1	0	0	0	1	0	0	0	0	2	0	1	3	0	0	1	0	0	0	0	1	0	0	0	0	1	0	0	0	0	0	0	0	0	0	0	0	0	0	1	0	0	1	0	0	0	0	1	0	0	1	0	0	0	0	1	0	0	0
