"Pyridine alkaloids"	"Phenylalanine-derived alkaloids"	"Aminoacids"	"Polyamines"	"Primary amides"	"Quinolizidine alkaloids"	"Steroidal alkaloids"	"Cephalosporins"	"Imidazole alkaloids"	"Purine alkaloids"	"Carboline alkaloids"	"Linear peptides"	"N-acyl amines"	"Piperidine alkaloids"	"Pyrrolidine alkaloids"	"Simple amide alkaloids"	"Thiodiketopiperazine alkaloids"	"Tricyclic guanidine alkaloids"	"Isoquinoline alkaloids"	"Open-chain polyketides"	"Purine nucleostides"	"Pyrimidine nucleostides"	"Cyclic peptides"	"Dipeptides"	"Fatty alcohols"	"Ergot alkaloids"	"Simple phenolic acids"	"Pyrrole alkaloids"	"Quinazoline alkaloids"	"Simple indole alkaloids"	"Tripeptides"	"Aminoglycosides"	"Pinane monoterpenoids"	"pteridine alkaloids"	"Pregnane steroids"	"Acridone alkaloids"	"Corynanthe type"	"Quinoline alkaloids"	"Simple coumarins"	"Phenylethylamines"	"Cyanogenic glycosides"	"Carbapenems"	"Simple diketopiperazine alkaloids"	"Mycosporine and Mycosporine-like amino acids"	"Lipopeptides"	"Indole diketopiperazine alkaloids L-Trp, L-Ala"	"Polyene macrolides"	"Halogenated hydrocarbons"	"Depsipeptides"	"Glucosinolates"	"Indole diketopiperazine alkaloids L-Trp, L-Pro"	"Saxitoxins"	"Chalcones"	"Amino cyclitols"	"Polysaccharides"	"Hydroxy fatty acids"	"Unsaturated fatty acids"	"Wax monoesters"	"Glycerophosphoethanolamines"	"Fatty acyl carnitines"	"Acetate-derived alkaloids"	"Menthane monoterpenoids"	"Ceramides"	"Monosaccharides"	"Cholane steroids"	"Glycerophosphocholines"	"Sphingoid bases"	"Simple aromatic polyketides"	"Chromones"	"Cinnamic acids and derivatives"	"Fatty acyl glycosides of mono- and disaccharides"	"Macrolide lactones"	"Erythromycins"	"Mitomycins"	"Iridoids monoterpenoids"	"Monocyclic monoterpenoids"	"Terpenoid alkaloids"	"Fatty aldehydes"	"Dicarboxylic acids"	"Oligomeric stibenes"	"Flavanones"	"Penicillins"	"Anthraquinones and anthrones"	"Tropolones and derivatives Shikimate"	"Carotenoids C40, β-β"	"Diacylglycerols"	"Ansa macrolides"	"Labdane diterpenoids"	"Catechols with side chains"	"Secoiridoid monoterpenoids"	"Aspidosperma type"	"Caryophyllane sesquiterpenoids"	"Androstane steroids"	"Apocarotenoids β-"	"Cholestane steroids"	"Drimane sesquiterpenoids"	"Ophiobolane sesterterpenoids"	"Baccharane triterpenoids"	"Limonoids"	"Oleanane triterpenoids"	"p-Terphenyls"	"Phenazine alkaloids"	"Simple oxindole alkaloids"	"Prostaglandins"	"Ansa peptide alkaloids"	"Azo and Azoxy alkaloids"	"Thiazole alkaloids"	"Carbazole alkaloids"	"Isoindole alkaloids"	"Terpenoid tetrahydroisoquinoline alkaloids"	"Tropane alkaloids"	"Aminosugars"	"Boromycins"	"3-Spirotetramic acids"	"Tetracyclines"	"Fatty acyl CoAs"	"Leukotrienes"	"Disaccharides"	"Shikimic acids and derivatives"	"Miscellaneous apocarotenoids"	"Furans"	"Amino fatty acids"	"Branched fatty acids"	"Oxygenated hydrocarbons"	"Thia fatty acids"	"Glycosylmonoacylglycerols"	"Glycerophosphoinositols"	"Other Octadecanoids"	"Neutral glycosphingolipids"	"2-pyrone derivatives"	"Ascarosides"	"Flavonols"	"Acyl phloroglucinols"	"Depsides"	"Flavones"	"Gallotannins"	"Isoflavones"	"Monomeric stilbenes"	"Neolignans"	"Proanthocyanins"	"Arylnaphthalene and aryltetralin lignans"	"Estrane steroids"	"Naphthoquinones"	"Furofuranoid lignans"	"Linear diarylheptanoids"	"Phenylethanoids"	"Apocarotenoidsε-"	"Kaurane and Phyllocladane diterpenoids"	"Prenyl quinone meroterpenoids"	"Hydroxy-hydroperoxyeicosatetraenoic acids"	"Other polyketide meroterpenoids"	"Tetraketide meroterpenoids"	"Trichothecane sesquiterpenoids"	"Polyprenol derivatives"	"Acyclic monoterpenoids"	"Dibenzylbutane lignans"	"Ecdysteroids"	"Polyether ionophores"	"Sophorolipids"	"Cycloartane triterpenoids"	"Benzodiazepine alkaloids"	"Acyclic guanidine alkaloids"	"Tantazoles and mirabazoles"	"Aspidosperma-Iboga hybrid type Vinca alkaloids"	"Hapalindole alkaloids"	"Indole-Diterpenoid alkaloids Penitrems"	"Prodigiosins"	"Tetrahydroisoquinoline alkaloids"	"Betalain alkaloids"	"RiPPs-Cyanobactins"	"Antimycins"	"Monocyclic guanidine alkaloids"	"Hydrocarbons"	"Glycerophosphates"	"Glycerophosphoserines"	"Oxidized glycerophospholipids"	"Oxo fatty acids"	"Jasmonic acids"	"Macrotetrolides"	"Azaphilones"	"Benzoquinones"	"Lactones"	"Miscellaneous polyketides"	"Phthalide derivatives"	"Fungal DPEs"	"Epothilones"	"Oligomycins"	"Polyprenylated cyclic polyketides Hop meroterpenoids"	"Bisnaphthalenes"	"Marine-bacterial DPEs"	"Dihydroflavonols"	"Flavan-3-ols"	"Flavonostilbenes"	"Coumaronochromones"	"Triacylglycerols"	"Acetogenins"	"Amphilectane diterpenoids"	"Irregular monoterpenoids"	"Microginins"	"Dammarane and Protostane triterpenoids"	"Abietane diterpenoids"	"Farnesane sesquiterpenoids"	"Longifolane sesquiterpenoids"	"Norlabdane diterpenoids"	"Phenoxazine alkaloids"	"Bicyclic guanidine alkaloids"	"Pyrrolizidine alkaloids"	"Yohimbine-like alkaloids"	"RiPPs-Thiopeptides"	"Oligomeric phloroglucinols phlorotannins"	"Hydroxy-hydroperoxyeicosapentaenoic acids"	"Thromboxanes"	"Glycosyldiacylglycerols"	"Monoacylglycerols"	"Glycerophosphoglycerols"	"Phoslactomycins or Phosphazomycins"	"Simple cyclic polyketides"	"Angucyclines"	"Pulvinones"	"Neoflavonoids"	"Selaginellins"	"Pterocarpan"	"Phenanthrenes"	"Megastigmanes"	"Aromadendrane sesquiterpenoids"	"Colensane and Clerodane diterpenoids"	"Eunicellane diterpenoids"	"Tetracyclic diterpenoids"	"Spirotetronate macrolides"	"12-oxophytodienoic acid metabolites"	"Daucane sesquiterpenoids"	"Decalins with side chains"	"Guaiane sesquiterpenoids"	"Monacolins and Monacolin derivatives"	"Cardenolides"	"Ergostane steroids"	"Friedelane triterpenoids"	"Lanostane, Tirucallane and Euphane triterpenoids"	"Quassinoids"
"R.cavernosa.SWE.1"	30	5	33	12	0	9	7	9	8	12	5	12	10	7	0	2	9	0	2	12	26	11	46	18	9	1	12	2	2	0	23	7	8	9	4	0	0	2	7	1	0	0	0	0	3	1	0	2	10	1	0	0	3	3	0	3	2	3	6	1	0	2	3	2	1	1	1	0	0	3	1	3	3	0	3	0	0	1	4	2	2	4	0	0	1	1	1	0	0	3	0	0	0	1	6	0	2	0	1	4	1	3	1	0	0	1	2	0	0	0	1	2	0	0	0	0	0	9	0	0	1	1	1	1	3	3	0	1	1	1	2	9	1	1	4	4	0	1	1	1	2	1	0	0	0	5	0	0	0	0	0	1	2	0	1	0	1	1	0	0	0	0	0	0	0	0	0	0	0	0	0	0	0	1	0	0	0	0	1	0	0	0	0	0	0	1	0	0	0	1	0	0	0	0	0	0	0	0	0	0	0	1	0	0	0	0	0	0	0	2	0	0	1	0	1	0	0	0	0	0	0	1	0	0	0	0	1	1	0	0	0	0	0	0	2	0	0	0	0
"R.cavernosa.SWE.2"	18	3	41	13	0	6	11	14	6	4	7	3	2	7	1	3	7	0	0	4	23	13	8	31	8	2	16	4	4	3	11	6	5	9	11	1	1	2	7	2	1	1	0	0	0	0	0	3	2	2	0	0	4	3	0	5	1	1	2	0	0	1	3	3	1	0	0	0	2	7	2	2	2	1	6	0	0	2	3	2	3	5	2	0	0	1	0	1	0	4	2	0	0	1	1	0	0	1	1	0	0	5	1	0	0	1	2	2	0	1	0	3	0	0	0	1	1	8	0	0	1	1	0	1	1	0	1	3	0	0	2	9	2	1	5	7	2	2	1	1	1	0	0	0	0	6	0	0	0	0	1	0	1	0	1	0	0	0	0	0	0	0	0	0	0	0	0	0	0	0	0	1	2	0	0	0	0	0	0	0	0	0	0	0	0	0	0	0	0	0	0	0	0	0	0	0	0	0	0	0	0	0	0	0	0	0	0	0	1	1	0	0	0	0	0	0	0	1	0	0	0	1	0	0	0	1	0	0	0	0	0	0	0	0	0	0	0	0	1
"R.cavernosa.SWE.3"	36	1	39	15	0	6	25	11	7	7	6	7	7	11	0	4	7	2	7	14	19	10	43	20	11	2	11	2	2	2	26	4	11	10	9	2	0	2	5	2	1	2	0	0	1	0	1	4	10	1	0	0	4	4	0	3	3	2	7	0	0	1	5	2	2	1	0	0	2	3	1	1	3	1	5	0	0	2	5	3	4	4	0	0	0	1	0	2	0	3	4	0	1	1	0	0	0	1	2	2	1	4	1	0	0	0	2	2	0	1	0	2	0	0	0	0	1	10	0	0	1	1	2	0	2	2	1	2	0	0	2	9	1	1	4	5	0	1	1	1	1	0	0	0	0	6	0	0	0	0	1	1	2	0	1	1	1	1	0	0	1	0	0	0	0	0	0	0	0	0	0	1	5	0	0	0	0	0	0	0	0	0	0	0	0	0	0	1	0	0	0	0	0	0	0	0	1	0	0	0	0	0	0	0	0	0	0	0	0	2	0	0	1	0	0	0	0	0	0	0	0	1	1	0	0	0	0	1	0	0	0	0	0	1	2	1	0	0	0
"R.canaliculata.GOT.1"	44	4	69	27	1	4	37	10	7	13	10	12	11	14	0	7	9	3	7	20	28	21	67	36	15	4	8	6	5	6	38	8	10	19	12	1	2	3	6	2	1	1	0	0	1	0	1	5	13	2	0	0	4	7	11	5	3	1	10	0	1	1	7	4	1	2	1	0	1	6	0	4	7	1	5	0	0	1	6	3	5	3	5	1	3	1	0	1	1	7	5	0	1	1	4	0	0	1	4	2	1	2	1	0	0	1	1	3	0	2	0	6	0	0	0	2	2	5	1	0	1	1	1	0	2	7	0	0	2	3	0	13	0	2	11	1	1	3	0	0	2	0	0	0	0	0	0	2	0	0	0	2	0	1	1	1	1	1	0	1	0	1	0	0	0	0	0	0	1	0	0	1	5	0	1	0	0	0	0	1	0	0	1	1	1	0	0	1	0	1	0	0	0	0	1	0	1	0	0	0	0	1	0	1	0	0	0	0	1	0	0	0	1	0	1	0	0	1	1	0	0	0	0	0	0	1	1	1	0	1	0	0	0	0	2	1	0	1	1
"R.canaliculata.GOT.2"	46	3	68	29	1	9	40	11	6	13	12	15	13	14	0	7	8	3	9	22	32	25	74	34	14	5	9	5	5	4	40	8	10	18	10	1	2	3	7	2	1	2	0	0	2	0	1	3	12	2	0	0	5	6	11	6	4	2	11	0	1	1	7	5	1	2	1	0	1	6	2	4	8	1	5	0	0	4	5	3	5	4	5	1	3	1	0	0	0	7	3	1	1	1	4	0	0	1	4	3	1	2	1	0	0	1	1	3	0	2	0	6	0	0	0	2	2	5	1	0	1	1	2	0	2	7	0	0	0	3	0	13	0	2	11	1	1	4	0	0	3	0	0	0	0	0	0	2	0	0	0	2	0	1	1	0	1	1	0	0	0	1	0	0	0	0	0	0	1	0	0	1	6	0	1	0	0	0	0	1	0	0	1	1	1	0	0	1	0	1	0	0	0	0	1	0	1	0	0	1	0	1	0	1	0	0	0	0	1	1	0	0	1	0	1	0	0	1	1	0	0	0	0	0	1	1	1	1	0	1	0	0	0	1	2	1	0	1	1
"R.canaliculata.GOT.3"	49	5	68	27	0	6	37	12	6	13	11	13	12	15	1	6	7	4	6	22	30	22	72	38	16	6	7	4	3	4	41	9	10	18	11	0	2	3	7	2	2	2	0	0	3	0	1	2	12	2	0	0	5	7	10	4	3	3	10	0	1	1	9	5	2	2	1	0	1	5	1	4	8	1	5	0	0	1	5	3	5	3	5	2	3	1	0	0	1	7	3	1	1	1	4	0	0	1	5	3	1	2	1	1	0	1	1	3	0	2	0	7	0	0	0	2	2	5	1	0	0	1	1	0	2	5	0	0	2	3	0	13	0	2	10	1	1	3	0	0	3	0	0	0	0	0	0	2	0	0	0	2	0	1	1	1	1	1	0	1	0	1	0	0	0	0	0	0	1	0	0	1	6	0	1	0	0	0	0	1	0	0	1	1	1	0	0	1	0	1	0	0	0	0	1	0	1	0	0	1	0	1	0	1	0	0	0	0	1	1	0	0	1	0	1	0	0	1	1	0	0	0	0	0	0	1	1	1	0	1	0	0	0	1	2	1	0	1	1
"R.bifurca.GOT.1"	43	2	81	29	0	11	38	11	11	22	6	21	7	24	3	8	6	4	7	26	23	15	77	65	18	4	7	3	3	4	46	12	15	12	10	0	0	3	4	2	1	5	2	5	3	0	1	4	14	1	0	2	2	9	2	7	5	2	11	0	1	3	5	2	2	1	0	0	0	4	0	4	9	1	3	1	1	3	6	3	3	3	0	1	3	1	0	1	1	1	4	3	2	1	4	1	0	1	4	2	1	2	2	0	0	0	0	1	0	2	0	4	0	0	0	0	1	2	1	0	1	1	2	1	3	7	0	1	1	0	0	4	0	1	14	1	1	0	0	0	0	1	0	0	0	0	0	3	0	1	0	1	0	0	1	0	2	1	1	0	0	1	0	1	1	0	0	0	0	0	0	1	6	0	1	0	1	1	0	1	0	0	0	0	0	0	0	1	0	0	0	0	0	0	0	0	1	1	0	1	0	1	1	0	0	0	0	0	0	1	1	1	1	0	0	0	0	0	0	0	0	0	0	0	1	0	1	1	1	0	0	0	1	0	1	0	0	1	0
"R.bifurca.GOT.2"	54	3	94	35	0	15	41	12	10	24	5	21	13	28	5	11	5	6	8	27	26	16	85	70	18	5	11	3	3	3	49	13	17	11	12	0	0	4	4	2	1	4	2	4	5	0	0	4	15	2	0	2	3	10	3	7	8	2	12	0	1	3	9	3	3	1	0	0	0	4	1	4	8	1	3	1	0	3	5	3	2	2	0	2	4	1	0	2	1	1	2	3	2	1	4	1	0	1	5	2	1	2	2	0	0	0	1	1	0	2	0	5	0	0	0	0	4	4	1	0	1	1	3	1	3	7	0	2	4	0	0	4	0	1	14	1	0	0	0	0	1	3	0	0	0	0	0	3	0	1	0	1	0	0	1	1	3	1	2	0	0	1	0	1	1	0	0	0	1	0	0	1	7	0	0	0	1	1	0	1	0	0	0	0	0	0	0	1	0	0	0	0	0	0	0	0	1	1	1	1	0	1	1	0	0	1	0	0	0	1	1	1	1	0	0	0	0	0	0	0	0	0	1	0	1	1	1	1	1	0	0	0	1	0	1	0	0	1	0
"R.bifurca.GOT.3"	47	3	90	31	0	15	39	11	12	23	6	21	9	25	4	10	5	6	6	25	24	15	75	72	19	5	9	4	3	2	44	15	16	12	11	0	0	2	4	2	0	7	1	3	4	0	1	5	18	1	0	2	3	9	3	7	7	4	10	0	1	2	8	2	3	0	0	0	0	4	0	4	9	1	2	1	1	2	6	3	3	2	0	1	3	1	0	2	1	1	4	4	2	1	4	1	0	1	5	1	1	2	2	0	1	0	1	1	0	2	0	5	0	0	0	0	1	3	1	0	1	1	2	1	3	7	0	2	3	0	0	4	0	1	15	1	1	0	0	0	0	3	0	0	0	0	0	3	0	1	0	1	0	0	1	1	3	1	1	0	0	1	0	1	1	0	0	0	0	0	0	1	6	0	0	0	1	1	0	1	0	0	0	0	0	0	0	1	0	0	0	0	0	0	0	0	1	1	0	0	0	1	1	0	0	0	0	0	0	1	1	1	1	0	0	0	0	0	0	0	0	0	1	0	1	0	1	1	1	0	0	0	1	0	1	1	0	0	0
"R.ciliifera.GOT.1"	46	5	81	27	0	10	39	6	10	16	11	16	11	14	3	10	4	3	5	21	16	11	82	61	16	5	6	2	2	8	45	11	15	9	11	0	1	3	5	2	0	2	1	2	6	0	1	4	15	0	0	1	4	6	1	6	3	3	12	0	1	2	9	4	2	1	0	0	1	4	1	4	7	1	3	0	0	2	9	7	4	1	2	1	3	1	0	1	1	2	4	1	1	1	2	1	0	1	4	3	1	1	1	0	0	0	1	3	0	2	0	4	0	0	0	3	1	4	1	0	0	1	2	1	3	3	1	2	1	1	0	12	0	1	4	0	0	0	0	1	0	1	0	0	0	0	0	1	0	0	0	1	0	0	1	0	3	1	0	0	0	0	0	0	1	0	0	0	0	0	0	1	5	0	0	0	0	1	0	1	0	0	0	0	0	0	0	1	0	0	0	0	0	0	0	0	1	0	0	0	0	1	1	0	0	0	0	0	0	0	1	1	1	0	0	0	0	0	0	0	0	0	0	0	0	1	0	1	1	0	0	0	0	1	2	0	0	0	0
"R.ciliifera.GOT.2"	46	3	90	29	0	10	41	9	11	16	12	18	12	18	3	10	6	4	5	22	14	11	82	66	15	5	6	2	3	6	49	11	17	10	10	0	1	3	6	2	1	4	2	3	6	0	1	3	15	0	0	1	4	8	1	7	4	2	11	0	1	3	9	3	2	1	0	0	1	6	2	4	7	1	4	0	0	2	8	5	6	2	2	1	4	1	0	1	0	2	5	3	2	1	2	1	0	1	5	3	1	0	3	1	0	0	1	1	0	2	0	4	1	0	0	2	1	4	1	0	1	1	1	1	3	3	1	2	4	2	0	12	0	1	4	0	1	0	0	1	0	1	0	0	0	0	0	1	0	0	0	1	0	0	1	1	3	1	0	0	0	1	0	1	1	0	0	0	0	0	0	1	4	0	0	0	1	1	0	1	0	0	0	0	0	0	0	1	0	0	0	0	0	0	0	0	1	0	0	1	0	1	1	0	0	0	0	0	0	0	1	1	1	0	0	0	0	0	0	0	0	0	0	0	0	1	1	1	1	0	0	1	0	1	2	0	0	0	0
"R.ciliifera.GOT.3"	41	3	83	28	0	12	39	7	10	16	11	17	12	14	4	8	5	3	5	17	17	9	84	66	13	5	6	2	2	7	46	11	15	9	9	0	2	4	6	2	0	4	2	3	5	0	1	3	17	0	0	1	3	5	1	4	4	3	10	0	1	3	7	4	2	1	0	0	1	5	0	4	7	1	3	0	0	2	6	4	4	3	1	1	3	1	0	1	0	2	4	3	2	1	3	1	0	1	4	2	1	1	0	0	1	0	1	2	0	2	0	5	1	0	0	2	1	5	1	0	1	1	1	1	3	1	1	1	4	2	0	12	0	1	2	0	0	0	0	1	0	1	0	0	0	0	0	1	0	1	0	1	0	0	1	0	3	1	0	0	0	1	0	0	1	0	0	0	0	0	0	1	5	0	1	0	1	1	0	1	0	0	0	0	0	0	0	1	0	0	0	0	0	0	0	0	1	0	0	0	0	1	1	0	0	0	0	0	0	1	1	1	1	0	0	0	0	0	0	0	0	0	0	0	0	1	0	1	1	0	0	1	0	1	2	0	0	0	0
"R.subbifurca.OE1.1"	50	5	84	29	0	11	29	11	11	22	13	19	8	23	1	7	7	2	6	21	30	11	67	57	15	5	11	3	4	4	41	13	10	12	12	0	1	3	6	0	0	3	0	3	3	0	2	3	13	0	0	1	3	8	0	5	3	2	9	0	2	1	5	3	2	2	0	0	1	4	1	4	7	1	5	0	0	4	5	2	5	3	0	1	2	1	0	1	0	2	4	2	1	1	3	0	0	1	4	2	1	1	1	0	0	1	1	2	0	1	2	6	0	1	0	2	2	5	1	0	0	2	2	1	3	1	0	2	2	1	0	9	0	1	11	2	1	1	0	0	0	0	0	0	0	0	0	1	1	0	0	1	0	0	1	0	1	2	0	1	0	0	0	0	1	1	0	0	1	0	0	1	8	0	0	1	0	0	0	1	0	0	0	0	0	0	0	1	0	0	0	0	0	0	0	0	1	0	1	1	0	1	0	0	0	0	0	2	1	1	1	1	1	0	1	0	0	0	0	0	0	0	0	0	1	1	1	1	1	0	0	1	0	0	1	1	0	1	0
"R.subbifurca.OE1.2"	52	8	92	33	1	8	35	13	15	26	13	16	9	25	1	8	7	2	6	21	27	11	69	59	18	5	13	5	3	6	47	13	11	12	11	0	1	3	7	0	1	3	2	2	3	0	1	4	15	0	0	1	3	8	2	8	3	2	8	1	2	1	6	4	1	0	0	0	1	6	0	2	10	1	5	0	1	2	6	2	5	3	0	1	2	1	0	1	0	2	4	2	1	1	4	1	0	1	5	2	1	1	1	0	0	1	1	2	0	2	2	5	0	1	0	2	3	4	1	0	1	2	0	1	3	4	0	3	2	1	0	10	1	1	14	2	1	1	0	0	0	0	0	0	0	0	0	1	0	0	0	1	0	0	1	1	1	1	0	1	0	1	0	0	1	0	0	0	1	0	0	1	5	0	0	1	0	0	0	1	0	0	0	0	0	0	0	1	1	1	0	0	0	0	0	0	1	0	1	0	0	1	1	0	0	1	0	1	1	1	1	1	1	0	0	0	0	0	0	0	0	0	0	1	1	1	1	1	1	0	0	1	0	0	2	0	0	1	0
"R.subbifurca.OE1.3"	56	7	105	32	1	14	34	13	12	27	13	19	9	26	4	9	9	3	5	21	28	14	56	64	17	5	13	3	4	5	49	13	16	13	12	0	0	4	6	1	0	6	1	5	4	0	2	4	13	0	0	2	4	10	0	9	6	3	10	1	2	3	3	6	2	1	1	0	0	7	1	4	7	1	5	1	1	4	9	2	7	3	0	1	1	1	0	2	1	1	4	2	1	1	3	1	0	1	4	2	1	1	1	0	0	1	1	3	0	2	2	6	0	0	0	2	2	4	1	0	1	2	1	1	2	2	0	4	1	2	0	6	1	1	15	2	1	1	1	0	0	2	0	0	0	0	1	0	0	1	0	1	0	0	1	0	2	2	0	1	0	1	0	1	1	0	0	0	1	0	0	1	7	0	0	1	0	1	0	1	0	0	0	0	0	0	0	1	0	1	0	0	0	0	0	0	1	1	0	0	0	1	0	0	0	1	0	1	1	0	1	1	1	0	1	0	0	0	0	0	0	0	0	1	1	1	1	1	1	1	0	1	1	1	2	1	0	0	0
"R.sorocarpa.SWE.1"	37	5	62	18	1	6	25	8	6	7	7	10	8	14	1	3	1	2	9	17	16	13	62	30	14	0	12	6	3	3	31	6	7	9	12	0	1	3	2	2	1	0	0	1	3	0	1	5	9	1	0	1	3	7	6	8	8	3	7	0	0	1	5	3	2	1	1	0	0	4	1	2	5	1	5	0	0	0	8	1	1	0	0	0	1	2	0	2	1	2	4	1	0	1	1	0	0	1	3	2	1	1	1	0	0	0	1	2	0	2	0	3	0	0	0	0	1	6	1	0	0	1	2	1	3	3	0	4	0	1	0	6	0	1	7	1	2	0	1	1	0	0	0	0	0	0	0	1	0	1	0	1	1	0	1	0	2	1	0	0	1	1	0	0	0	0	0	0	0	0	0	1	5	0	0	0	0	0	0	0	0	1	0	0	0	0	0	1	0	1	0	0	0	1	0	1	1	0	0	0	0	1	1	0	0	0	0	0	0	0	1	1	1	0	1	1	0	0	0	0	0	0	0	1	0	1	1	1	1	0	0	0	0	1	1	1	0	0	0
"R.sorocarpa.SWE.2"	39	7	80	21	1	8	35	6	6	6	9	16	9	15	1	3	2	4	9	18	17	15	74	36	11	4	11	5	4	2	35	5	9	5	11	0	2	2	4	1	1	1	0	1	4	0	1	5	10	1	0	1	3	5	6	9	7	2	9	0	1	1	5	3	2	1	2	0	0	8	1	4	7	1	6	0	0	2	6	3	1	1	0	0	1	1	0	2	1	2	2	1	1	1	2	0	0	1	3	2	1	0	2	1	0	0	1	2	0	2	0	2	0	0	0	0	1	4	1	1	0	1	2	1	2	4	0	2	0	1	0	6	0	1	7	0	1	0	0	1	3	1	0	0	0	0	0	1	0	1	0	1	1	0	1	1	2	1	0	0	1	1	0	0	0	0	1	0	0	0	0	1	5	0	0	0	0	0	0	0	0	1	0	0	0	0	0	1	0	1	0	0	0	0	0	0	1	0	0	0	0	1	0	0	0	0	0	0	0	1	1	0	1	0	1	1	0	0	0	1	0	0	1	1	0	1	1	1	1	0	0	0	0	1	1	1	0	1	0
"R.sorocarpa.SWE.3"	44	6	78	29	0	10	33	3	6	6	13	17	12	14	0	4	2	4	9	17	17	12	75	34	16	1	11	3	4	4	44	5	10	5	12	0	2	2	6	1	1	1	1	1	5	0	1	3	11	1	0	1	3	4	6	9	7	2	8	0	1	1	6	3	2	1	2	0	0	6	1	3	6	1	6	0	0	2	7	3	1	1	0	0	2	1	0	2	1	2	4	1	1	1	3	0	0	1	3	2	1	1	1	0	0	0	1	1	0	2	0	3	0	0	0	0	1	4	1	1	1	1	3	1	2	2	0	2	0	2	0	6	0	1	7	0	1	0	0	1	3	1	0	0	0	0	0	1	0	1	0	1	0	0	1	1	2	1	0	0	1	1	0	0	0	0	1	0	0	0	0	1	4	1	0	0	0	0	0	1	0	1	0	0	0	0	0	1	0	1	0	0	0	0	0	0	1	0	0	0	0	1	0	0	0	0	0	0	0	1	0	0	1	0	1	1	0	0	0	1	0	0	0	1	1	1	1	1	1	0	0	0	0	1	2	1	0	0	0
"R.beyrichiana.OEL.1"	45	5	89	34	0	11	35	12	14	22	6	19	5	19	2	7	11	4	5	23	23	11	53	56	19	2	9	5	5	6	35	11	16	11	9	0	1	1	4	4	1	4	1	4	2	0	0	2	12	1	0	1	4	8	2	7	4	4	7	0	1	3	5	2	2	1	0	0	1	5	0	4	6	1	2	0	0	5	7	3	2	1	0	1	2	1	0	1	0	1	2	4	2	1	2	1	0	1	3	1	1	1	0	1	1	0	1	3	0	2	0	4	0	1	0	1	1	3	1	0	0	1	2	1	2	2	0	1	3	0	0	8	0	1	14	1	1	1	0	0	0	0	0	0	1	0	0	0	0	1	0	1	0	0	1	1	2	1	0	1	0	0	0	0	1	0	0	0	0	0	0	1	7	0	0	0	1	1	0	1	0	0	0	0	0	0	1	1	0	1	0	0	0	0	0	0	1	1	0	1	0	1	1	0	0	0	0	0	0	1	1	1	1	0	0	0	0	0	0	0	0	0	0	0	1	0	1	1	1	0	0	1	0	1	1	1	0	0	0
"R.beyrichiana.OEL.2"	41	4	77	29	0	9	29	12	10	19	7	16	5	18	1	7	11	2	6	17	22	11	53	46	18	3	9	5	4	3	38	12	10	12	11	0	2	2	4	1	1	1	0	3	2	0	0	3	13	1	1	0	3	6	1	7	3	3	9	0	1	1	4	1	1	1	0	0	1	2	1	3	6	1	3	0	0	4	7	3	2	1	0	1	2	1	0	1	1	1	2	2	1	1	2	0	0	1	2	2	1	1	0	1	0	0	1	2	0	2	0	3	0	1	0	1	1	2	1	0	0	1	1	1	2	3	0	1	4	0	0	5	0	1	14	1	0	1	0	0	0	0	0	0	0	0	0	1	0	0	0	1	1	0	1	1	1	1	1	0	1	1	0	0	0	0	0	0	0	0	0	1	6	0	0	0	0	0	0	1	0	0	0	0	0	0	1	1	0	1	0	0	0	0	0	0	1	0	1	0	0	1	1	0	0	0	0	1	0	0	1	1	1	0	0	0	0	0	0	0	0	0	0	0	1	0	1	1	1	0	0	0	0	0	2	1	0	0	0
"R.beyrichiana.OEL.3"	47	4	90	28	0	10	31	12	13	19	6	19	4	16	1	6	7	2	5	18	22	10	50	50	18	4	10	5	4	3	35	12	11	10	9	0	2	2	4	4	0	2	1	5	2	0	0	2	13	1	0	1	6	7	1	6	4	4	8	0	1	3	4	2	2	1	0	0	2	5	0	4	5	1	3	0	0	4	5	3	2	1	0	1	2	1	0	1	0	1	3	2	1	1	2	1	0	1	1	3	1	1	0	1	0	0	1	3	0	2	0	4	0	1	0	1	1	3	1	0	1	1	2	1	2	2	0	1	4	0	0	5	0	1	14	1	1	1	0	0	0	0	0	0	1	0	0	1	0	0	0	1	1	0	1	1	1	1	0	0	0	1	0	0	1	0	0	0	0	0	0	1	6	0	0	0	0	1	0	1	0	0	0	0	0	0	1	1	0	1	0	0	0	0	0	0	1	0	0	0	0	1	1	0	0	1	0	0	0	1	1	1	1	0	0	0	0	0	0	0	0	0	0	0	1	0	1	1	1	0	0	0	0	0	1	1	0	0	0
"R.subbifurca.OE2.1"	44	7	78	31	0	8	31	8	8	24	11	18	7	23	1	8	9	2	6	16	28	11	64	50	16	5	10	2	1	6	44	12	10	9	11	0	1	3	4	2	1	3	0	2	4	0	2	2	13	0	0	0	5	9	1	6	3	2	8	1	1	1	4	3	1	1	0	0	1	6	0	3	9	1	3	0	0	2	3	2	7	5	0	2	2	1	0	1	0	2	3	2	1	1	2	0	0	1	4	1	1	1	2	1	0	1	1	2	0	2	2	5	0	1	0	2	2	3	1	0	1	2	1	0	3	2	0	2	0	1	0	9	1	1	13	2	0	0	0	0	1	0	1	0	0	0	0	1	0	0	0	1	0	0	1	1	1	2	0	1	0	0	0	0	0	1	0	0	1	0	0	1	8	0	0	1	0	0	0	1	0	0	0	0	0	0	0	1	0	0	0	0	0	0	0	0	1	0	0	0	0	1	0	0	0	0	0	1	1	1	0	1	1	0	0	0	0	0	0	0	0	0	0	0	1	0	1	1	1	0	0	0	0	0	2	1	0	0	0
"R.subbifurca.OE2.2"	49	5	87	31	1	14	27	7	12	22	13	14	10	21	4	8	7	6	6	19	26	15	45	65	16	1	12	3	2	6	41	15	13	12	10	0	1	3	5	1	0	5	1	4	2	0	2	1	14	0	0	2	4	5	2	7	4	3	7	1	1	1	5	4	1	1	0	0	1	7	0	6	6	1	2	0	1	3	2	1	6	5	0	2	2	1	0	1	0	1	2	3	2	1	2	0	0	1	3	0	1	1	1	1	0	1	1	3	0	1	2	4	0	0	1	1	1	3	1	0	1	2	0	0	3	1	0	2	2	1	0	6	1	1	11	2	0	1	0	0	1	0	0	0	0	0	0	0	1	1	0	1	0	0	1	1	1	2	0	1	0	0	0	1	1	0	0	0	1	0	0	1	6	0	0	1	1	1	0	1	0	0	0	0	0	0	0	1	0	0	0	0	0	0	0	0	1	0	0	0	0	1	1	0	0	1	0	1	0	1	1	1	1	0	0	0	0	0	0	0	0	0	0	0	0	0	1	1	1	1	0	1	1	0	1	1	0	1	0
"R.subbifurca.OE2.3"	50	6	94	35	0	10	43	8	11	25	13	20	12	29	4	11	8	6	8	26	32	12	84	68	17	6	13	3	2	6	55	14	12	13	11	0	1	4	7	1	0	3	2	3	4	0	2	2	14	0	0	2	2	9	1	6	4	5	10	1	2	1	6	3	2	1	0	0	1	5	1	6	9	1	5	0	0	4	4	2	7	4	0	2	2	1	0	2	0	2	5	3	2	1	4	0	0	1	6	2	0	0	2	1	0	1	1	2	0	2	2	6	0	1	0	2	4	4	1	0	1	2	2	0	3	8	0	3	1	1	0	10	1	1	13	2	0	1	0	0	0	1	0	0	0	0	0	2	0	0	0	1	0	0	1	0	2	1	2	1	0	1	0	1	1	1	0	0	1	0	0	1	7	0	0	1	1	0	0	1	0	0	0	0	0	0	0	1	0	0	0	0	0	0	0	0	1	0	0	0	0	1	1	0	0	1	0	1	1	1	1	1	1	0	0	0	0	0	0	0	0	0	1	0	0	1	1	1	1	0	0	1	0	0	1	1	0	0	0
"R.ciliifera.HAL.1"	41	2	78	41	1	9	39	9	4	12	14	23	9	18	0	9	2	2	7	20	17	16	91	55	11	3	5	2	3	6	48	12	10	8	8	0	1	2	3	2	1	1	0	3	5	0	1	4	20	0	0	1	4	6	2	6	5	3	13	0	1	1	7	5	2	1	1	0	0	5	2	4	5	1	5	1	0	3	6	3	1	5	1	1	3	1	1	1	0	2	6	1	1	1	3	0	0	1	6	3	1	0	2	1	0	0	1	1	0	2	0	4	0	0	0	2	2	4	1	0	1	1	2	1	3	5	1	0	3	3	0	5	0	1	3	0	1	1	0	1	1	1	0	0	0	0	1	1	0	1	1	1	1	0	1	1	2	1	1	1	0	0	0	0	0	0	0	1	0	0	0	1	7	0	0	0	0	0	0	1	0	0	0	0	0	0	0	1	0	0	0	0	0	0	0	0	1	0	0	1	0	1	0	0	0	0	0	0	0	0	0	0	1	0	0	0	0	0	0	0	1	0	1	0	0	1	1	1	0	0	0	0	0	0	2	0	0	0	0
"R.ciliifera.HAL.2"	57	4	91	41	2	11	37	11	7	19	14	22	10	20	3	11	5	6	8	23	21	17	97	71	16	4	6	2	5	6	59	13	14	10	9	0	2	2	3	2	1	3	2	5	5	0	1	4	20	0	0	1	5	8	3	5	5	3	17	0	1	3	8	5	2	1	1	0	0	8	1	4	6	1	5	1	0	4	7	2	2	5	1	1	2	0	1	2	0	2	6	2	2	1	2	1	0	1	5	3	1	0	2	2	0	0	1	1	0	2	0	4	0	0	1	2	2	3	1	0	1	1	3	1	3	7	1	4	2	3	0	8	0	2	4	0	1	1	0	0	1	2	0	0	0	0	1	2	0	0	1	1	1	0	1	1	1	2	1	2	0	0	0	1	1	0	0	1	0	0	0	1	5	0	0	0	0	1	0	1	0	0	0	0	0	0	0	1	0	0	0	0	1	0	0	0	1	0	1	0	0	1	1	0	0	1	0	0	0	0	1	0	1	0	0	0	0	0	0	0	1	0	0	0	0	1	1	1	1	1	0	0	0	1	2	0	0	0	0
"R.ciliifera.HAL.3"	58	4	84	39	2	11	34	9	6	19	13	19	10	19	1	12	3	3	7	25	21	14	91	66	16	3	8	1	4	7	54	12	15	10	8	0	1	3	4	2	0	1	1	3	5	0	1	4	17	1	1	0	5	7	4	4	5	2	16	0	1	3	7	5	2	1	1	0	1	7	2	4	4	1	4	0	1	3	5	3	2	5	1	1	3	2	1	4	1	2	6	1	0	1	1	1	0	1	6	3	1	0	2	2	0	0	1	1	0	2	0	4	1	0	0	2	2	5	1	0	1	1	3	1	3	5	1	3	3	3	0	7	0	1	4	0	1	1	0	0	1	1	0	0	0	0	1	1	0	0	1	1	1	0	1	1	1	1	1	2	0	0	0	0	1	0	0	1	0	0	0	1	5	0	0	0	0	0	0	1	0	0	0	0	0	0	0	1	0	0	0	0	1	0	0	0	1	0	1	1	0	1	0	0	0	1	0	0	0	0	0	0	1	0	0	0	0	0	0	0	1	0	0	0	0	1	0	1	0	0	0	0	0	0	2	1	0	0	0
"R.gougetiana.HAL.1"	62	5	87	53	1	12	39	7	9	22	18	25	12	25	3	13	3	4	10	26	39	25	110	68	16	5	8	2	4	7	54	11	13	10	10	0	1	3	6	4	0	3	2	3	6	0	1	4	27	1	0	0	5	10	9	5	6	4	14	0	1	1	6	4	2	1	1	0	2	17	3	3	7	1	5	0	1	3	4	6	5	5	3	1	6	2	1	4	1	3	5	1	1	1	5	0	0	1	8	4	0	2	2	2	0	0	1	4	0	2	0	3	0	1	3	3	3	5	2	1	1	1	3	1	3	8	1	3	4	3	0	15	1	2	4	0	1	1	0	0	1	1	0	1	0	0	1	2	2	0	1	1	1	2	1	0	3	1	2	1	0	0	1	0	1	0	0	1	0	0	1	1	6	0	0	0	0	0	0	1	0	0	0	0	0	1	0	1	0	0	0	1	1	0	0	0	1	0	1	1	0	1	0	0	0	1	1	1	0	0	0	0	1	0	0	0	0	0	0	0	1	0	1	0	1	1	1	1	1	0	0	0	0	1	2	1	1	1	0
"R.gougetiana.HAL.2"	67	6	91	53	2	11	38	8	13	27	20	27	12	25	4	13	3	4	7	26	33	23	104	82	16	6	8	2	5	7	63	16	18	12	12	0	1	3	5	4	0	5	2	4	8	0	1	1	28	2	0	0	4	10	10	4	6	3	12	0	1	1	6	4	2	0	1	0	2	15	1	4	7	1	4	1	1	2	8	5	5	6	2	1	5	1	1	4	1	4	5	1	1	1	4	1	0	1	8	3	1	2	2	2	1	0	1	5	0	2	0	4	0	1	3	3	2	6	1	1	1	1	3	1	3	8	1	5	4	3	0	13	1	2	5	0	1	1	0	0	1	1	0	1	0	1	1	2	1	0	0	1	1	2	1	1	3	0	2	1	0	0	0	0	1	0	0	1	0	0	1	1	6	1	0	0	0	0	0	1	0	0	0	0	0	0	0	1	0	0	0	1	1	0	0	0	1	0	1	1	0	1	0	0	0	1	1	1	0	0	1	0	1	0	0	0	0	1	0	0	1	0	1	0	1	1	1	1	0	1	0	0	0	1	2	0	0	0	0
"R.gougetiana.HAL.3"	58	6	85	51	1	11	40	9	8	21	17	22	12	22	3	12	2	3	9	21	28	25	97	72	16	5	8	2	4	7	53	11	15	10	9	0	1	2	5	2	0	3	2	3	7	0	1	4	26	1	0	0	5	8	8	5	5	3	13	0	1	1	6	3	2	1	1	0	2	16	1	3	7	1	4	0	1	2	6	4	5	5	2	2	7	2	1	2	2	3	5	0	1	1	3	0	0	1	8	5	1	2	2	0	0	0	1	4	0	2	0	4	0	1	3	3	1	5	1	1	1	1	2	1	3	2	1	3	2	3	0	13	1	2	5	0	1	0	0	0	1	1	0	1	0	0	1	0	2	0	1	1	1	2	1	0	3	1	0	2	0	0	0	0	0	0	0	1	0	0	1	1	5	0	0	0	0	0	0	1	0	0	0	0	0	0	0	1	0	0	0	1	1	0	0	0	1	0	1	0	0	1	0	0	0	1	1	1	0	0	0	0	1	0	0	0	0	0	0	0	1	0	1	0	1	1	1	1	1	0	0	0	0	1	2	1	0	1	0
"R.huebeneriana.GOT.1"	36	1	57	22	2	6	31	4	6	7	8	9	7	10	1	8	6	1	2	16	19	6	39	16	12	1	9	6	3	5	38	3	7	7	9	0	1	2	5	2	1	0	0	0	2	0	0	3	6	1	0	0	2	3	2	2	3	1	6	0	1	1	4	5	2	1	0	1	2	4	0	3	4	1	5	0	0	3	7	2	4	1	2	1	1	1	0	2	0	1	1	0	1	1	2	0	0	1	1	2	0	1	0	1	1	0	0	2	0	1	0	4	0	0	0	0	1	5	1	0	0	1	2	0	1	1	0	1	1	0	0	1	2	1	9	0	4	1	1	0	0	1	0	0	0	0	0	0	0	0	0	0	1	0	1	1	0	1	0	0	1	0	0	0	0	0	1	0	0	1	0	1	4	1	0	0	0	0	0	1	1	0	0	0	0	0	0	0	0	1	1	0	0	1	0	0	0	0	0	0	1	1	0	0	1	0	0	0	1	0	0	0	1	0	0	0	1	0	0	0	0	0	0	0	0	0	0	0	1	1	1	0	0	1	0	1	0	0	0
"R.huebeneriana.GOT.2"	30	0	54	18	2	7	25	5	5	7	4	7	5	10	0	6	7	1	0	15	13	7	33	11	9	1	7	3	3	6	30	2	7	8	8	0	0	2	4	1	1	1	0	0	2	0	0	2	5	1	0	0	2	4	1	2	3	1	5	0	1	1	3	4	2	1	0	1	2	4	0	2	3	1	5	0	0	2	7	2	4	1	2	1	1	0	0	1	0	1	1	0	1	1	2	0	0	1	1	2	0	0	0	1	1	0	0	2	0	0	0	4	0	0	0	0	1	3	1	0	0	1	1	0	1	0	0	2	0	0	0	1	1	1	9	0	4	1	0	0	0	0	0	0	0	0	0	0	0	0	0	0	1	0	1	1	0	1	0	0	0	0	0	0	0	0	1	0	0	1	0	1	3	0	0	0	0	0	0	1	1	0	0	0	0	0	0	0	0	1	1	0	0	1	0	0	0	0	0	0	1	1	0	0	1	0	0	0	1	0	0	0	1	0	0	0	1	0	0	0	0	0	0	0	0	0	0	0	1	1	1	0	0	1	0	1	0	0	0
"R.huebeneriana.GOT.3"	30	1	42	18	2	6	29	6	4	7	5	10	6	11	0	6	7	1	1	14	11	5	31	12	9	1	7	4	3	7	34	2	6	6	8	0	1	2	5	1	1	0	0	0	2	0	0	3	6	1	0	0	2	3	0	4	3	1	6	0	1	1	4	3	2	1	0	1	2	4	0	2	3	1	5	0	0	1	5	0	4	0	2	1	1	1	0	2	0	1	1	0	1	1	2	0	0	1	1	2	0	1	0	1	1	0	0	1	0	0	0	4	0	0	0	0	1	4	1	0	0	1	1	0	1	1	0	0	0	0	0	1	1	1	7	0	4	1	0	0	0	0	0	0	0	0	0	0	0	0	0	0	1	0	1	1	0	0	0	0	1	0	0	0	0	0	1	0	0	1	0	1	3	1	0	0	0	0	0	1	1	0	0	0	0	0	0	0	0	1	1	0	0	1	0	0	0	0	0	0	1	1	0	0	1	0	0	1	1	1	0	0	1	0	0	0	1	0	0	0	0	0	0	0	0	0	0	0	1	0	1	0	0	1	0	1	0	0	0
"A.gracilis.SWE.1"	44	2	49	27	0	10	7	16	15	16	8	12	8	10	0	4	2	2	2	12	25	14	45	25	10	0	7	3	4	1	30	5	7	10	4	0	0	1	5	0	0	2	0	0	4	2	0	2	10	0	1	0	3	3	2	5	1	2	6	1	0	3	1	3	2	1	0	1	1	3	0	2	3	1	2	0	0	1	5	3	1	1	1	2	1	1	0	1	0	1	0	0	0	0	5	0	1	1	1	3	3	2	0	1	0	0	1	0	2	1	0	4	0	0	1	2	0	4	0	0	1	1	1	1	2	5	0	0	1	0	0	6	0	1	14	0	0	0	0	0	0	1	0	0	1	3	0	0	0	0	0	2	0	0	1	1	1	1	0	0	0	0	0	0	0	0	0	0	0	0	0	0	2	0	0	0	0	0	1	0	0	0	0	0	0	1	0	0	0	0	0	1	0	0	0	0	0	0	0	0	0	1	0	0	0	0	0	0	0	0	0	0	1	0	1	0	0	0	0	0	0	0	1	0	0	1	0	1	1	1	0	0	0	0	4	1	0	0	0
"A.gracilis.SWE.2"	46	2	56	31	0	13	6	18	14	16	10	12	7	11	0	2	5	4	2	14	32	14	48	27	7	1	11	3	4	1	32	3	10	11	5	0	0	1	5	0	0	5	0	1	5	2	0	0	9	1	1	0	4	3	3	4	1	3	6	1	0	3	1	5	2	1	0	1	0	5	0	1	2	1	5	0	0	1	5	4	2	3	2	2	2	1	0	3	0	2	2	0	0	0	6	0	1	1	2	4	3	2	0	1	0	0	1	0	2	0	1	3	0	0	1	2	0	5	0	0	2	1	1	1	3	6	0	0	1	0	0	8	0	1	10	0	0	1	0	0	0	1	0	0	1	4	0	0	0	0	0	2	1	0	1	0	1	1	0	1	0	0	0	0	0	0	0	0	0	0	0	0	2	0	0	0	0	0	1	0	0	0	0	0	0	1	0	0	0	0	0	1	0	0	0	0	0	0	0	0	0	1	0	0	0	0	0	0	0	0	0	0	1	0	0	0	0	1	0	0	0	0	0	0	0	1	1	1	0	1	0	0	0	1	3	1	0	0	0
"A.gracilis.SWE.3"	26	2	34	27	0	6	8	13	10	12	4	7	4	8	0	4	3	0	0	9	15	8	32	16	4	0	4	3	3	0	13	3	3	6	2	0	0	1	3	0	0	0	0	0	3	2	0	1	8	0	1	0	1	1	1	4	1	3	4	1	0	2	1	4	2	1	0	1	1	1	0	2	2	1	2	0	0	1	5	2	1	0	1	1	1	1	0	0	1	0	0	0	0	0	4	0	1	1	0	1	0	1	0	0	0	0	1	0	2	0	0	3	0	0	1	2	0	2	0	0	1	1	0	1	1	0	0	2	1	0	0	5	0	1	8	0	0	0	0	0	0	1	0	0	0	2	0	0	0	0	0	2	0	0	1	1	0	1	0	0	0	0	0	0	0	0	0	0	0	0	0	0	2	1	0	0	0	0	1	0	0	0	0	0	0	1	0	0	0	0	0	1	0	0	0	0	0	0	0	0	0	0	0	0	0	0	0	0	0	1	0	0	1	1	0	0	0	0	0	0	0	0	0	0	0	0	0	0	0	1	0	0	0	0	1	1	0	0	0
"R.gothica.GOT.1"	68	6	105	34	0	15	36	11	10	29	15	21	14	27	4	13	5	6	6	30	26	14	79	87	19	3	12	6	5	6	65	10	24	15	12	0	0	6	4	8	0	8	3	6	5	0	1	1	15	2	0	2	4	10	0	6	6	5	10	0	1	3	9	3	2	1	0	0	2	5	2	6	9	1	3	1	1	4	5	4	1	2	0	2	1	1	0	2	1	2	4	3	2	1	5	2	0	1	3	2	1	2	3	2	1	0	2	4	0	1	0	4	1	0	0	0	2	5	1	0	1	1	1	2	3	6	0	5	0	0	0	3	0	1	15	1	1	1	2	0	0	3	0	0	0	1	1	1	0	0	0	1	0	0	2	0	3	0	2	0	0	0	0	1	1	0	0	0	1	0	0	1	5	0	0	0	1	1	0	1	0	0	0	0	0	0	0	1	0	0	0	0	0	0	0	0	1	1	0	0	0	1	1	0	0	1	0	0	0	0	1	1	0	0	0	0	0	1	0	0	0	0	0	0	1	2	1	1	0	0	0	0	1	0	2	0	0	0	0
"R.gothica.GOT.2"	53	2	90	36	0	10	45	9	13	26	12	22	10	22	4	10	7	5	7	29	22	11	84	67	16	5	9	5	5	4	48	10	14	14	12	0	0	3	4	4	0	4	2	5	5	0	0	4	13	3	0	1	3	6	0	5	5	4	11	0	1	1	6	4	2	2	0	0	0	3	2	4	9	1	3	0	1	3	5	3	2	3	0	1	4	1	0	2	0	1	3	1	1	1	4	1	0	1	5	3	1	2	2	1	0	0	1	2	0	2	0	4	1	0	0	1	2	5	1	0	0	1	2	1	3	7	0	4	0	0	0	3	0	1	14	0	0	1	0	0	0	1	0	0	0	0	1	3	0	0	1	1	0	0	1	1	3	1	2	0	1	0	0	0	1	0	0	0	0	0	0	1	6	0	0	0	0	1	0	1	0	0	0	0	0	0	0	1	0	0	0	0	0	0	0	0	1	0	0	0	0	1	1	0	0	1	0	0	0	0	1	1	1	0	1	0	0	0	0	0	0	0	1	0	1	1	1	1	1	0	0	0	0	1	2	0	0	0	0
"R.gothica.GOT.3"	51	4	96	32	0	12	42	12	11	25	13	25	13	20	5	11	7	6	7	30	18	11	84	74	18	5	10	4	5	4	55	10	18	15	10	1	0	3	4	5	0	6	2	4	6	0	0	4	15	2	0	1	2	8	1	4	5	2	11	0	1	3	9	4	2	2	0	0	0	4	2	4	8	1	3	0	1	4	5	3	0	3	0	1	3	1	0	0	0	1	5	2	2	1	4	1	0	1	6	3	1	1	2	1	1	0	1	3	0	2	0	5	1	0	0	1	2	5	1	0	1	1	2	1	3	6	0	4	2	0	0	3	0	1	14	0	0	1	0	0	0	1	0	0	0	0	1	2	0	1	1	1	0	0	1	0	3	1	1	1	0	0	0	0	1	0	0	0	0	0	0	1	5	0	0	0	1	1	0	1	0	0	0	0	0	0	0	1	0	0	0	0	0	0	0	0	1	0	1	0	0	1	1	0	0	1	0	0	0	0	1	1	1	0	1	0	0	0	0	0	0	0	0	0	1	1	1	1	1	0	0	1	1	1	2	0	0	0	0
"M.fragrans.GOT.1"	25	0	44	11	0	3	5	3	6	5	4	4	3	6	1	2	5	2	4	8	14	9	36	14	11	1	5	3	0	3	15	0	1	14	4	0	0	2	4	5	0	1	0	1	1	0	0	4	4	1	0	0	2	5	3	6	2	1	4	0	0	0	0	6	1	2	0	0	0	4	0	1	0	0	4	0	0	2	3	5	0	1	0	0	0	1	0	0	1	1	1	1	1	0	3	0	1	0	2	1	1	0	0	0	0	0	2	2	0	1	0	3	0	0	0	0	0	6	1	0	1	1	1	0	2	2	0	2	0	0	0	3	0	0	9	1	0	1	0	0	0	0	0	0	0	3	0	0	0	0	0	0	2	0	1	0	1	1	0	1	0	0	0	0	0	0	0	0	0	0	0	0	2	0	0	0	0	0	1	0	0	0	1	0	0	0	0	0	0	0	0	0	0	0	0	0	0	0	0	1	0	0	1	0	0	0	0	0	0	0	0	0	0	1	0	0	0	0	0	0	0	0	1	0	0	0	1	1	0	0	0	0	0	0	2	2	0	0	1
"M.fragrans.GOT.2"	28	1	42	9	0	5	2	3	9	7	4	10	2	6	1	2	5	1	3	8	15	7	42	14	6	0	6	4	0	4	14	0	1	11	1	0	0	2	3	4	0	1	0	1	2	1	0	3	5	1	0	0	4	2	3	8	3	2	5	1	0	1	0	4	1	1	0	0	0	4	0	0	1	0	2	0	0	2	4	5	1	2	0	0	1	1	0	0	1	2	0	0	1	1	4	0	1	0	0	2	1	1	0	0	0	0	2	1	0	1	0	3	0	0	0	0	0	5	1	0	2	1	1	0	3	1	0	1	0	0	0	3	0	0	9	1	1	1	0	0	0	1	0	0	0	3	0	0	0	0	0	1	2	0	1	0	2	1	0	0	0	0	0	0	0	0	0	0	0	0	0	0	3	0	0	0	0	0	1	0	0	0	1	0	0	1	0	0	0	0	0	0	0	0	0	0	0	0	0	0	0	0	1	0	0	0	0	0	0	0	0	0	0	1	0	0	0	0	0	0	0	0	1	0	0	0	1	1	0	0	0	0	0	1	2	2	0	0	1
"M.fragrans.GOT.3"	33	3	45	18	0	7	4	4	9	10	6	12	2	7	0	2	3	0	2	10	14	5	38	12	7	0	6	4	0	3	17	2	1	11	1	0	0	1	3	3	0	1	0	1	1	1	0	3	7	0	0	0	1	3	2	5	3	2	4	0	0	0	0	5	2	0	2	0	0	4	1	2	3	0	2	0	0	0	4	5	0	1	0	0	1	2	0	0	1	2	0	0	2	1	4	0	1	0	1	2	1	0	0	0	0	0	2	1	0	1	0	3	0	0	0	0	0	4	0	0	1	1	1	0	3	1	0	1	1	0	0	3	0	0	7	0	1	1	0	0	0	1	0	0	0	3	0	0	0	0	0	1	1	0	1	0	1	1	0	0	0	0	0	0	0	0	0	0	0	0	0	0	2	0	0	0	0	0	1	0	0	0	0	0	0	1	0	0	0	0	0	0	0	0	0	0	0	0	1	1	0	0	1	0	0	0	0	0	0	0	0	0	0	1	0	0	0	0	0	0	0	0	0	0	0	0	1	1	0	0	0	0	0	0	2	2	0	0	0
"R.hemisphaerica.GOT.1"	37	7	44	42	0	15	5	5	14	14	10	15	6	8	1	5	4	2	1	9	16	8	47	21	13	0	5	3	1	4	33	3	6	11	4	1	0	0	4	3	0	2	0	1	2	2	0	2	10	0	0	0	1	2	1	8	2	2	6	2	0	1	0	6	3	0	4	0	0	2	1	3	2	0	1	1	0	0	5	5	2	5	1	0	2	2	0	1	0	2	0	0	1	1	8	0	1	0	2	4	1	0	0	0	0	0	1	1	0	0	0	4	0	0	0	0	0	6	1	0	0	1	1	0	2	5	0	1	2	0	1	4	0	1	27	1	2	1	0	0	0	1	1	0	1	5	0	0	0	0	0	2	1	0	1	1	1	1	0	0	0	1	0	0	0	0	0	0	0	0	0	0	3	1	0	0	0	0	1	0	0	0	0	0	0	1	0	0	0	0	0	0	0	0	0	0	0	0	0	1	0	0	0	0	0	0	0	0	0	0	0	0	0	0	0	0	0	0	0	0	0	0	0	0	0	0	1	1	0	1	0	0	0	1	1	2	0	1	0
"R.hemisphaerica.GOT.2"	41	4	55	46	0	17	6	7	16	15	13	13	8	9	0	4	7	2	1	14	18	14	46	20	13	0	7	3	1	4	33	2	3	14	4	1	1	1	4	4	0	2	1	1	3	2	0	2	8	0	1	0	1	2	1	6	3	2	5	2	0	1	1	6	3	0	2	0	0	3	0	3	4	0	3	1	0	1	5	4	2	5	1	0	1	2	0	1	0	3	0	1	1	1	9	0	1	0	2	6	1	1	0	0	0	0	2	1	0	1	1	4	0	0	0	0	0	5	1	0	1	1	1	0	3	6	0	0	1	0	1	4	0	1	27	1	1	1	0	0	1	1	1	0	1	4	0	0	0	0	0	2	1	0	1	1	1	1	0	0	0	1	0	0	0	0	0	0	0	0	0	0	5	1	0	0	0	0	1	0	0	0	0	0	0	1	0	0	0	0	0	0	0	0	0	0	0	0	0	0	0	0	0	0	0	0	0	0	0	0	0	0	1	0	0	0	0	1	0	0	0	0	1	0	0	0	1	1	0	0	0	0	0	0	1	0	0	1	0
"R.hemisphaerica.GOT.3"	41	4	48	45	0	17	8	9	17	16	13	13	6	11	1	4	8	2	2	13	18	15	46	21	15	0	5	3	1	3	35	2	5	14	4	1	0	0	5	4	0	4	0	2	3	2	0	2	9	0	0	0	2	2	3	7	2	2	8	2	0	0	2	5	2	1	4	0	0	2	1	3	3	0	4	1	0	1	6	5	2	5	1	0	2	2	0	1	0	2	0	0	1	1	8	0	1	0	2	5	1	0	0	0	0	0	1	2	0	0	1	5	0	0	0	0	0	4	1	0	2	1	1	0	3	4	0	1	2	0	1	5	0	1	29	2	1	1	0	0	1	1	1	0	1	4	0	0	0	0	0	2	1	0	1	1	1	1	0	0	0	1	0	0	0	0	0	0	0	0	0	0	4	1	0	0	0	0	1	0	0	0	0	0	0	1	0	0	0	0	0	0	0	0	0	0	0	0	0	0	0	0	0	0	0	0	0	0	0	0	0	0	1	1	0	0	0	1	0	0	0	0	0	0	0	0	1	1	0	1	0	0	0	1	1	1	0	1	0
"A.hyalina.GOT.1"	30	2	38	17	0	12	7	8	8	13	4	14	4	7	1	2	6	0	3	14	20	9	46	21	9	1	7	5	0	2	21	3	2	7	3	0	0	1	4	2	0	2	0	0	4	0	0	1	9	3	1	0	2	4	4	3	3	2	7	1	0	2	3	6	2	1	2	0	0	4	1	4	3	0	3	0	0	1	6	1	2	2	0	0	1	1	0	0	2	1	1	0	0	1	6	0	1	0	1	3	1	0	1	1	0	1	2	0	1	0	0	3	1	0	0	2	0	4	0	0	1	1	1	1	3	3	0	0	2	0	0	3	0	0	16	0	1	1	1	0	0	1	0	1	0	1	0	1	0	0	0	1	0	0	1	0	2	1	0	1	0	0	0	0	0	0	0	0	0	0	0	0	0	0	0	0	0	0	1	0	0	0	0	0	0	1	0	0	0	0	0	0	0	0	0	0	0	0	0	0	0	0	0	0	0	1	0	0	0	0	0	0	1	0	0	0	0	1	0	0	0	0	1	3	1	1	1	1	0	1	0	0	0	1	1	1	0	0	0
"A.hyalina.GOT.2"	28	1	50	19	0	13	5	9	8	11	4	10	4	8	0	2	6	0	3	15	21	7	36	19	11	1	7	4	1	2	18	4	4	7	1	0	0	1	3	2	0	2	0	0	5	1	0	1	8	2	1	0	2	3	4	5	4	2	5	2	0	2	2	6	2	0	2	0	0	4	2	3	3	1	6	0	0	1	5	1	1	2	0	0	1	1	0	0	1	0	0	0	0	1	6	0	1	0	0	4	1	0	1	0	0	1	1	1	1	0	1	2	1	0	0	3	0	4	0	0	1	1	1	0	2	3	0	0	4	0	0	3	0	0	15	0	1	1	1	0	0	1	0	1	0	1	0	0	0	0	0	1	0	0	1	1	2	1	0	0	0	0	0	0	0	0	0	0	0	0	0	0	1	1	0	0	0	0	1	0	0	0	0	0	0	1	0	0	0	0	0	0	0	0	0	0	0	0	0	0	0	0	0	0	0	1	0	0	0	0	0	0	1	0	1	0	0	1	0	0	0	0	1	3	0	0	1	1	0	1	0	0	0	1	0	1	0	0	0
"A.hyalina.GOT.3"	31	1	36	14	0	9	5	9	9	12	3	11	4	6	1	2	6	1	3	16	19	7	38	17	9	1	8	3	0	3	16	3	3	7	1	0	0	2	3	2	0	1	0	1	2	0	0	2	8	2	1	0	2	3	1	7	3	3	6	1	0	2	1	6	1	0	0	0	0	4	2	5	4	0	4	0	0	1	5	1	1	2	0	0	1	1	0	0	1	1	1	0	0	1	6	0	1	0	1	3	1	0	0	0	0	0	2	0	1	0	0	2	1	0	0	1	0	4	0	0	1	1	1	1	2	2	0	0	3	0	0	1	0	0	13	0	1	1	1	0	0	1	0	1	0	1	0	1	1	0	0	1	0	0	1	1	1	1	0	0	0	0	0	0	0	0	0	0	0	0	0	0	1	0	0	0	0	0	1	0	0	0	0	0	0	1	0	0	0	0	0	0	0	0	0	0	0	0	0	0	0	0	0	0	0	1	0	0	0	0	0	0	1	0	0	0	0	0	0	0	0	0	1	2	1	0	1	1	0	1	0	0	0	0	1	0	0	0	0
