"Organic compounds"	"Alkaloids and derivatives"	"Benzenoids"	"Lipids and lipid-like molecules"	"Nucleosides, nucleotides, and analogues"	"Organic 1,3-dipolar compounds"	"Organic acids and derivatives"	"Organic nitrogen compounds"	"Organic oxygen compounds"	"Organohalogen compounds"	"Organoheterocyclic compounds"	"Organosulfur compounds"	"Phenylpropanoids and polyketides"	"Yohimbine alkaloids"	"Benzene and substituted derivatives"	"Naphthalenes"	"Phenol ethers"	"Phenols"	"Thiophenol ethers"	"Fatty Acyls"	"Glycerolipids"	"Glycerophospholipids"	"Prenol lipids"	"Sphingolipids"	"Steroids and steroid derivatives"	"5-5-dinucleotides"	"5-deoxyribonucleosides"	"Flavin nucleotides"	"Purine nucleosides"	"Purine nucleotides"	"Pyrimidine nucleosides"	"Pyrimidine nucleotides"	"Allyl-type 1,3-dipolar organic compounds"	"Boronic acid derivatives"	"Carboxylic acids and derivatives"	"Hydroxy acids and derivatives"	"Keto acids and derivatives"	"Organic dithiophosphoric acids and derivatives"	"Organic phosphoric acids and derivatives"	"Organic sulfonic acids and derivatives"	"Organic sulfuric acids and derivatives"	"Peptidomimetics"	"Organonitrogen compounds"	"Organooxygen compounds"	"Alkyl halides"	"Aryl halides"	"Halohydrins"	"Azacyclic compounds"	"Azoles"	"Azolines"	"Benzopyrans"	"Diazanaphthalenes"	"Diazines"	"Dihydrofurans"	"Furans"	"Heteroaromatic compounds"	"Imidazopyrimidines"	"Indoles and derivatives"	"Isoindoles and derivatives"	"Lactams"	"Lactones"	"Naphthopyrans"	"Pteridines and derivatives"	"Pyrans"	"Pyridines and derivatives"	"Quinolines and derivatives"	"Tetrapyrroles and derivatives"	"Thiazines"	"Thiophenes"	"Triazines"	"Organic disulfides"	"Sulfonyls"	"Thioethers"	"Thiols"	"Cinnamic acids and derivatives"	"Coumarins and derivatives"	"Flavonoids"	"Isoflavonoids"	"Macrolides and analogues"	"Stilbenes"	"Tetracyclines"	"Hydrocarbons"	"Organophosphorus compounds"	"Lupin alkaloids"	"Saturated hydrocarbons"	"Unsaturated hydrocarbons"	"Propargyl-type 1,3-dipolar organic compounds"	"Borinic acid derivatives"	"Organic carbonic acids and derivatives"	"Organic phosphonic acids and derivatives"	"Organic thiosulfuric acids and derivatives"	"Orthocarboxylic acid derivatives"	"Vinylogous amides"	"Benzodioxoles"	"Biotin and derivatives"	"Dioxaborolanes"	"Dithioles"	"Imidolactams"	"Oxacyclic compounds"	"Oxanes"	"Oxazinanes"	"Piperidines"	"Pyrroles"	"Pyrrolidines"	"Quinolidines"	"Quinolizidines"	"Quinuclidines"	"Thiazepines"	"Triazinanes"	"Organic phosphines and derivatives"	"Organothiophosphorus compounds"	"Isothiocyanates"	"Sulfenyl compounds"	"Sulfoxides"	"Macrolactams"	"Lignans, neolignans and related compounds"	"Ergoline and derivatives"	"Harmala alkaloids"	"Anthracenes"	"Aryltetralin lignans"	"Furanoid lignans"	"Lignan glycosides"	"Lignan lactones"	"Saccharolipids"	"Imidazole ribonucleosides and ribonucleotides"	"Organic oxoanionic compounds"	"Azobenzenes"	"Benzimidazoles"	"Benzodiazepines"	"Benzodioxanes"	"Diazinanes"	"Isoquinolines and derivatives"	"Tetrahydrofurans"	"Thienodiazepines"	"2-arylbenzofuran flavonoids"	"Angucyclines"	"Diarylheptanoids"	"Linear 1,3-diarylpropanoids"	"Saxitoxins, gonyautoxins, and derivatives"	"Tannins"
"R.cavernosa.SWE.1"	551	5	55	80	17	2	241	16	42	10	38	9	35	1	41	0	6	4	0	27	3	4	21	1	19	0	1	0	8	5	1	2	1	1	217	1	0	2	4	0	3	11	16	42	2	8	0	1	6	0	1	2	4	0	0	5	2	1	0	2	0	0	2	2	1	1	2	0	1	1	1	1	6	1	2	3	13	1	1	1	0	0	0	1	0	0	1	1	0	1	0	0	0	0	0	0	0	0	0	0	0	1	0	0	1	0	0	0	0	0	0	0	0	0	1	1	0	1	0	0	0	0	0	1	0	0	0	0	0	0	1	0	1	0	0	0	1	1	0	11
"R.cavernosa.SWE.2"	485	2	62	48	16	3	180	17	48	9	45	8	41	0	42	1	4	4	2	16	0	3	10	0	16	1	1	0	7	5	1	1	3	3	165	2	1	1	2	2	1	1	17	48	0	9	0	2	5	1	1	0	5	1	1	2	6	2	0	1	1	0	1	1	3	1	1	1	3	0	1	0	5	1	1	3	16	4	2	0	0	2	2	0	0	2	0	0	0	0	1	0	1	0	0	0	0	0	1	0	1	0	0	1	0	0	0	0	1	0	1	0	0	1	0	2	0	1	0	1	0	1	0	0	0	0	0	0	0	0	1	0	1	0	0	1	1	1	0	12
"R.cavernosa.SWE.3"	604	3	58	93	13	5	254	13	45	13	53	9	40	0	34	1	6	4	0	25	1	4	21	2	31	0	1	0	6	4	1	1	4	3	239	1	1	1	3	1	2	2	13	45	4	9	0	2	12	1	1	0	2	1	1	4	4	3	0	2	1	0	3	1	3	2	3	1	1	1	1	0	6	1	3	3	15	4	1	1	0	1	3	0	0	0	1	0	0	0	0	0	1	0	0	0	0	0	0	0	1	1	0	0	0	0	0	0	1	1	1	0	0	1	0	1	0	1	0	0	0	0	0	1	0	0	0	0	0	0	0	0	1	0	0	0	1	1	0	11
"R.canaliculata.GOT.1"	887	3	87	141	25	4	372	27	71	19	79	8	44	0	55	1	10	5	1	42	4	6	34	4	39	3	0	1	4	10	3	4	4	3	347	2	2	1	1	1	2	10	27	71	4	12	3	3	13	0	5	2	4	4	1	4	5	5	0	1	0	3	6	2	4	2	3	1	1	3	1	2	4	1	3	3	30	3	2	1	0	0	3	0	0	0	0	0	0	0	2	0	1	0	0	0	1	0	1	0	0	1	0	0	0	0	0	0	1	0	2	0	0	0	0	4	0	0	1	0	0	2	0	0	0	0	0	0	1	0	1	0	0	0	0	1	0	1	0	0
"R.canaliculata.GOT.2"	930	3	88	148	29	5	401	25	72	14	80	8	46	0	56	1	10	6	1	44	4	7	37	3	40	3	0	1	5	12	4	4	5	4	378	2	1	1	2	1	1	9	25	71	3	10	1	2	13	0	5	2	5	4	1	3	4	5	0	1	1	4	6	2	4	1	3	1	2	4	1	2	3	2	4	3	30	3	3	1	0	4	2	0	0	3	0	0	0	0	1	0	1	0	0	0	1	0	1	0	0	1	0	0	0	0	0	0	1	0	1	0	0	0	0	5	0	0	1	0	0	3	0	1	0	1	0	0	1	0	1	0	0	0	0	1	0	1	0	0
"R.canaliculata.GOT.3"	915	2	78	144	29	6	393	29	73	15	88	7	44	0	47	1	10	4	1	39	3	6	36	4	41	3	0	1	4	13	3	5	6	3	368	2	1	1	2	1	2	9	29	72	4	10	1	4	15	0	5	3	6	4	0	5	5	5	0	2	1	4	6	2	4	1	3	1	0	4	1	1	4	1	3	3	29	3	3	1	0	1	2	0	0	0	0	0	0	1	2	0	1	0	0	0	1	0	1	0	0	1	0	0	0	0	1	0	1	0	1	0	0	0	0	4	0	0	1	0	0	3	0	1	0	1	0	0	1	0	1	0	0	0	0	1	0	1	0	0
"R.bifurca.GOT.1"	940	2	58	151	15	4	484	35	48	14	88	3	30	0	37	1	7	4	0	42	5	7	36	0	49	0	0	1	4	5	2	2	3	4	449	4	1	0	2	1	4	17	35	48	4	9	1	4	8	0	2	3	7	1	2	9	5	5	1	4	2	0	2	1	3	1	2	1	3	9	1	1	0	1	2	3	19	2	1	1	0	4	3	0	0	3	1	0	1	0	0	0	1	0	0	0	0	1	1	0	0	3	0	1	0	0	1	1	1	1	1	0	0	0	0	1	0	0	0	0	0	1	0	1	1	0	0	1	0	0	1	0	1	0	0	0	0	1	0	1
"R.bifurca.GOT.2"	1060	3	73	174	19	7	537	37	49	13	103	5	31	0	44	3	9	4	0	49	6	7	34	4	60	0	0	1	4	8	2	3	6	4	498	4	1	1	2	1	3	19	37	49	3	8	2	6	9	1	2	3	10	1	2	10	7	3	1	4	3	1	2	1	5	2	2	1	2	11	1	0	2	2	3	2	19	2	2	1	0	4	3	0	0	3	1	0	1	1	1	0	1	0	0	0	0	1	1	0	0	3	0	2	0	0	1	1	1	1	1	0	0	0	0	2	1	0	0	0	0	2	0	1	1	0	0	1	0	0	1	0	1	0	0	0	0	1	0	1
"R.bifurca.GOT.3"	1000	3	68	157	18	4	508	37	51	15	96	5	31	0	38	2	11	6	0	41	5	6	32	3	56	1	0	1	4	6	2	3	3	4	468	5	1	1	2	1	4	20	37	51	3	10	2	6	9	0	2	3	7	0	2	8	7	4	1	3	3	1	2	1	5	3	2	1	3	10	1	0	2	2	2	2	20	2	2	1	0	3	3	1	0	2	1	0	1	0	0	0	1	0	0	0	0	1	1	0	0	1	0	3	0	0	1	1	1	1	1	0	0	0	0	1	0	0	0	0	0	1	0	1	1	0	0	1	0	0	1	0	1	0	0	0	0	1	0	1
"R.ciliifera.GOT.1"	893	3	71	140	9	5	454	32	49	11	75	6	33	0	40	2	10	4	0	38	4	8	26	3	51	0	1	0	3	2	0	3	5	3	423	4	2	1	1	2	4	13	32	49	4	6	1	4	11	0	2	1	4	1	0	5	4	6	1	2	1	0	4	1	3	3	3	1	1	7	1	2	1	2	1	3	22	2	1	0	0	3	2	0	0	2	0	0	0	0	0	0	1	1	0	0	0	1	0	0	0	2	0	1	0	0	1	1	1	0	1	0	0	0	0	0	1	0	2	0	0	0	0	1	0	0	0	0	0	0	1	0	1	0	0	0	3	1	0	0
"R.ciliifera.GOT.2"	954	2	67	158	6	6	485	32	54	12	84	7	35	0	41	1	9	4	0	44	4	6	35	4	53	0	1	0	2	1	0	2	6	3	456	4	2	0	1	2	2	13	32	53	2	10	0	5	11	0	1	1	5	1	1	4	5	8	1	3	1	0	4	1	2	3	2	2	3	9	1	2	1	3	2	3	24	2	1	0	0	4	2	0	0	3	0	0	0	0	1	0	1	1	0	0	1	1	0	0	0	2	0	1	0	0	1	1	1	0	1	0	0	0	0	0	0	0	2	0	0	0	0	1	0	1	0	0	0	0	0	0	1	0	0	0	2	1	0	0
"R.ciliifera.GOT.3"	895	3	68	131	9	5	468	32	52	8	77	6	31	0	40	1	11	3	0	32	1	7	28	3	47	0	1	0	3	2	0	3	5	3	438	3	1	0	2	2	2	15	32	52	2	6	0	5	13	0	1	1	4	1	1	4	2	7	0	3	1	0	4	1	2	2	3	2	1	10	1	2	2	1	2	4	19	1	1	0	0	3	2	0	0	2	0	0	0	0	1	0	1	0	0	0	0	1	0	0	0	2	0	1	0	0	1	1	1	0	1	0	0	0	0	0	1	0	1	0	0	0	0	1	0	0	0	0	0	0	1	0	1	0	0	0	3	1	0	0
"R.subbifurca.OE1.1"	914	3	71	122	24	8	429	39	55	16	93	10	35	1	47	0	7	7	0	34	2	9	29	0	41	3	1	1	5	9	1	3	7	5	398	2	2	0	3	1	3	13	39	55	3	12	1	5	13	0	3	3	6	1	1	6	8	6	0	1	1	0	2	2	5	1	4	2	1	9	2	2	3	3	1	4	22	3	1	1	0	5	3	0	0	4	1	0	0	0	1	0	1	0	0	0	0	0	1	1	0	5	0	2	0	0	1	0	1	1	1	0	0	0	0	1	0	0	0	0	0	1	0	1	1	0	1	0	0	0	0	0	0	0	0	0	0	1	0	2
"R.subbifurca.OE1.2"	981	2	77	138	22	7	460	40	67	15	100	8	40	1	52	2	8	6	0	43	2	7	31	1	44	2	1	1	4	10	1	2	6	3	430	2	2	2	3	1	2	13	40	67	3	11	1	7	12	1	4	3	6	1	2	9	9	5	0	1	1	0	2	2	3	1	4	1	3	8	2	1	3	2	3	4	26	3	1	0	0	3	2	0	0	2	1	0	0	0	1	0	1	0	0	0	0	1	1	0	0	5	0	2	0	0	1	1	1	0	1	0	0	0	0	0	0	0	0	0	0	0	0	2	1	0	1	0	0	0	0	0	1	0	0	0	0	1	0	2
"R.subbifurca.OE1.3"	1040	4	82	146	24	8	481	44	64	15	118	8	38	1	54	1	11	7	0	45	2	8	31	0	47	2	1	1	5	9	1	4	7	6	449	3	4	1	2	2	2	10	44	64	4	10	1	7	12	1	2	3	10	2	3	9	8	8	0	3	3	0	3	2	5	2	4	2	4	8	2	2	2	2	2	4	25	3	1	0	0	4	3	0	0	3	1	0	0	0	1	0	1	0	0	0	0	1	2	1	0	6	0	2	0	0	0	0	1	1	1	0	0	0	0	1	0	0	0	0	0	1	0	2	1	0	1	1	0	0	0	0	1	0	0	0	0	1	0	2
"R.sorocarpa.SWE.1"	695	4	62	122	11	3	319	20	51	14	53	6	26	0	37	0	9	4	2	40	3	4	25	1	37	0	0	0	5	4	0	2	2	4	293	3	3	1	1	1	3	7	20	51	4	9	1	4	10	0	1	0	6	2	0	4	1	2	0	0	1	0	1	1	3	0	2	2	2	3	1	0	3	2	3	2	15	1	1	0	0	0	3	1	0	0	1	0	0	1	1	0	1	0	0	0	0	0	1	0	0	1	0	1	0	0	0	1	1	1	1	0	0	0	0	1	1	0	0	0	0	1	0	1	0	0	0	0	0	1	0	0	1	0	0	0	0	1	1	2
"R.sorocarpa.SWE.2"	779	3	58	136	13	3	371	23	51	13	65	5	30	0	34	1	6	5	1	40	3	5	30	1	44	1	0	1	5	5	0	1	2	4	344	3	2	0	2	2	3	9	23	51	4	7	2	4	11	0	2	1	4	2	0	7	3	3	0	1	1	0	1	1	5	1	3	1	3	3	1	0	2	2	4	3	15	2	3	0	0	3	2	1	0	2	1	0	0	0	1	0	1	0	0	0	0	0	1	0	0	1	0	1	0	0	1	0	1	0	1	0	0	0	0	3	1	0	0	0	0	2	1	1	0	0	0	0	0	1	0	0	1	0	0	0	0	1	1	1
"R.sorocarpa.SWE.3"	802	4	63	132	13	3	389	28	53	10	67	4	29	0	37	0	7	6	1	38	1	5	30	2	45	1	0	1	3	6	0	2	2	5	359	5	2	1	2	1	4	8	28	53	3	5	2	5	12	0	3	1	5	2	1	7	1	3	0	0	1	0	2	1	4	1	2	1	4	4	1	0	1	2	4	3	15	2	2	0	0	2	2	1	0	2	1	0	0	0	1	0	1	0	0	0	0	0	1	0	0	1	0	2	0	0	0	0	1	0	1	0	0	0	0	3	1	0	0	0	0	2	1	1	0	0	0	0	0	1	0	0	1	0	0	0	0	1	1	1
"R.beyrichiana.OEL.1"	887	1	76	131	14	7	421	36	46	17	92	4	33	0	51	1	8	7	0	37	2	5	29	1	46	1	0	1	4	5	1	2	5	5	390	3	3	0	2	1	4	11	36	46	5	9	3	6	11	0	3	1	6	0	1	10	7	6	1	1	1	1	2	1	6	1	3	2	4	10	1	0	1	2	2	2	23	2	1	1	0	6	2	0	0	5	2	0	1	0	0	0	1	0	0	0	0	1	0	0	0	1	0	1	0	0	1	1	1	0	1	0	0	0	0	1	0	0	0	0	0	1	0	1	0	0	0	0	0	0	1	0	0	0	0	0	0	1	0	1
"R.beyrichiana.OEL.2"	794	1	62	115	14	6	375	36	46	16	80	6	30	0	42	1	5	4	0	35	2	6	23	1	39	1	0	1	4	6	1	1	4	5	343	2	3	0	1	3	3	12	36	46	4	9	3	5	12	0	3	1	6	1	0	7	9	3	1	1	1	1	2	1	4	0	2	2	4	4	1	1	2	2	2	2	20	2	1	1	0	4	2	0	0	3	2	0	1	0	1	0	1	0	0	0	0	0	0	0	0	1	0	2	0	0	1	1	1	0	1	0	0	0	0	1	0	0	0	0	0	1	0	1	0	0	0	0	0	0	1	0	0	1	0	0	0	1	0	1
"R.beyrichiana.OEL.3"	828	1	75	112	15	6	397	33	46	15	84	5	31	0	49	1	8	7	0	31	2	5	24	1	39	1	0	1	4	5	1	2	5	5	365	3	3	1	2	2	3	10	33	46	3	9	3	4	10	1	3	2	6	0	1	9	7	4	1	0	1	0	3	1	6	2	3	1	3	6	1	1	2	1	2	2	20	2	2	1	0	5	2	0	0	4	1	0	1	0	1	0	1	0	0	0	0	1	0	0	0	2	0	2	0	0	1	1	1	0	1	0	0	0	0	1	0	0	0	0	0	1	0	1	1	0	0	0	0	0	1	0	0	0	0	0	0	1	0	1
"R.subbifurca.OE2.1"	870	3	64	108	23	8	406	37	53	17	93	10	39	1	42	1	6	5	0	30	2	7	23	0	37	2	1	1	4	11	1	2	7	5	374	2	2	0	3	2	2	13	37	53	3	13	1	7	13	0	3	4	8	0	2	8	8	7	0	1	1	0	1	2	3	1	3	2	0	7	2	2	3	3	2	3	26	3	1	1	0	4	2	0	0	2	1	0	0	1	1	0	1	0	0	0	0	0	1	1	0	5	0	1	0	0	1	0	1	0	1	0	0	0	0	3	0	0	0	0	0	2	1	2	1	0	1	0	0	0	1	0	0	0	0	0	0	1	0	2
"R.subbifurca.OE2.2"	894	4	54	115	18	9	429	37	56	10	116	7	31	1	33	1	5	3	0	38	2	6	22	0	36	1	1	1	2	8	1	3	7	5	403	2	2	1	3	1	2	8	37	56	2	7	1	7	15	1	3	3	12	0	2	9	6	10	0	2	2	0	2	2	4	3	4	2	1	11	2	2	2	1	0	3	20	2	2	0	1	4	2	0	0	3	2	0	0	0	1	0	1	0	0	0	0	1	1	1	0	5	0	1	0	0	1	1	1	0	1	0	0	0	0	2	0	0	0	0	0	2	0	0	1	0	1	0	0	0	1	0	0	1	0	0	0	1	0	2
"R.subbifurca.OE2.3"	1071	3	72	163	25	9	514	40	63	17	106	9	41	1	48	1	7	5	0	48	4	7	32	3	57	2	1	1	3	11	2	4	8	5	479	3	2	0	3	2	2	16	40	63	5	11	1	5	15	1	3	3	9	1	2	9	8	9	0	2	1	0	2	2	4	1	3	2	0	10	2	2	3	2	2	3	27	3	2	1	0	5	3	0	0	4	1	0	0	0	1	0	1	0	0	0	0	0	1	1	0	5	0	2	0	0	1	1	1	1	1	0	0	0	0	1	0	0	0	0	0	1	0	2	1	0	1	0	0	0	0	0	0	0	0	0	0	1	0	2
"R.ciliifera.HAL.1"	899	4	63	139	9	4	472	33	57	11	70	5	24	0	34	1	12	3	1	37	3	8	32	4	43	0	0	0	1	3	3	2	3	4	437	4	2	0	1	1	2	18	33	56	4	7	0	3	13	0	1	2	4	3	1	7	3	8	0	0	1	1	3	1	4	1	2	1	1	6	2	0	2	1	5	3	11	0	2	0	0	3	3	0	0	3	1	0	0	1	1	0	1	0	0	0	0	0	0	0	1	0	0	1	0	0	0	0	1	1	1	0	0	0	0	2	1	0	1	0	0	1	0	1	0	1	0	0	0	0	0	0	1	0	0	0	2	1	0	0
"R.ciliifera.HAL.2"	1058	4	76	161	10	5	547	37	63	12	101	7	28	0	46	1	11	5	2	47	5	9	32	3	51	0	1	0	1	3	3	1	4	4	507	4	2	0	1	1	2	24	37	63	3	9	0	5	14	1	2	2	7	3	1	7	6	7	1	2	2	1	5	1	6	2	3	2	1	12	2	0	3	2	4	3	16	0	2	0	1	4	2	0	0	3	1	0	0	0	1	0	1	0	0	0	0	1	0	0	0	0	0	1	0	0	1	1	1	0	1	0	0	0	0	1	0	0	1	0	0	0	0	1	1	0	0	1	0	0	1	0	1	0	0	0	1	1	0	0
"R.ciliifera.HAL.3"	991	5	74	148	8	6	508	36	65	11	92	5	28	0	45	1	10	3	2	45	5	9	30	4	44	0	1	0	1	2	3	1	5	3	478	3	1	1	1	1	3	16	36	65	3	8	0	4	10	1	2	2	8	3	1	10	6	5	1	1	1	1	5	1	4	2	3	2	1	9	1	0	3	1	4	4	15	0	2	0	0	3	2	0	0	3	1	0	0	0	0	0	1	0	0	0	0	1	0	0	0	2	0	1	0	0	1	1	1	0	1	0	0	0	0	0	1	0	1	0	0	0	0	1	0	0	0	1	0	0	0	0	1	0	0	0	2	1	0	0
"R.gougetiana.HAL.1"	1201	2	98	177	19	4	598	44	79	11	104	9	49	0	57	3	16	9	1	49	6	8	44	4	55	0	1	0	6	8	3	1	4	5	550	6	1	3	1	0	3	28	44	79	5	6	0	5	16	1	2	3	9	1	1	9	6	6	0	2	2	2	5	1	6	2	5	1	2	8	2	1	5	1	10	5	24	1	2	0	2	3	2	0	0	2	0	0	0	0	0	0	1	0	0	0	0	0	0	0	0	2	0	1	0	0	1	1	1	0	1	0	0	0	0	2	0	0	3	0	0	1	0	1	0	0	0	0	0	0	0	1	1	0	1	0	3	1	0	0
"R.gougetiana.HAL.2"	1243	4	104	172	13	6	635	45	78	10	114	9	46	0	62	3	16	7	1	53	5	8	40	3	51	0	1	0	3	6	2	1	5	5	586	5	2	2	1	0	4	29	45	78	4	6	0	5	14	1	2	3	9	1	1	10	8	8	1	2	2	1	8	1	5	3	6	2	3	10	1	1	5	2	10	4	24	0	2	0	2	3	2	0	0	3	1	0	0	0	0	0	1	0	0	0	0	1	0	0	0	1	0	1	0	0	1	1	1	1	0	0	0	0	0	2	0	0	2	0	0	2	0	1	0	0	0	0	0	0	0	0	1	0	0	1	2	1	0	0
"R.gougetiana.HAL.3"	1117	1	101	156	13	5	568	43	65	10	95	9	45	0	58	3	16	7	2	37	4	8	40	2	54	0	1	0	3	6	2	1	4	5	526	6	1	2	1	0	3	22	43	65	3	7	0	4	15	1	2	3	8	1	1	6	4	6	0	2	2	2	4	1	6	2	5	1	2	8	1	1	5	2	10	4	23	1	2	0	2	3	2	0	0	2	1	0	0	1	0	0	1	0	0	0	0	0	0	0	0	2	0	1	0	0	1	1	1	0	1	0	0	0	0	1	0	0	2	0	0	1	0	1	0	0	0	0	0	0	0	1	1	0	0	0	2	1	0	0
"R.huebeneriana.GOT.1"	603	2	57	84	14	4	259	27	52	11	52	5	32	0	38	0	4	3	0	20	1	4	14	1	34	2	0	0	2	7	1	2	4	3	245	3	2	0	0	0	2	3	27	51	3	5	3	3	8	0	6	1	6	1	0	5	2	5	0	0	1	0	2	1	3	0	1	1	1	2	1	0	1	3	4	2	14	6	3	0	0	2	2	0	0	2	0	0	0	0	0	0	1	0	1	0	0	0	0	0	0	0	0	1	0	0	0	0	1	0	1	0	0	0	0	0	0	0	0	0	0	0	0	1	0	1	0	0	0	0	0	0	0	0	0	0	0	1	0	2
"R.huebeneriana.GOT.2"	515	2	48	74	10	3	218	22	42	10	47	6	29	0	30	0	4	3	0	22	1	3	12	0	29	2	0	0	2	3	1	2	3	3	206	2	2	0	0	0	1	3	22	41	3	4	3	3	8	0	5	1	6	1	0	5	1	3	0	1	1	0	2	1	3	0	1	1	1	1	2	1	2	1	4	2	14	5	2	0	0	2	2	0	0	2	0	0	0	0	0	0	1	0	0	0	0	0	0	0	0	0	0	1	0	0	0	0	1	0	1	0	0	0	0	0	0	0	0	0	0	0	0	0	0	1	0	0	0	0	0	0	0	0	0	0	0	1	0	1
"R.huebeneriana.GOT.3"	511	2	54	78	9	3	219	22	39	11	42	4	25	0	35	0	4	3	0	19	1	4	14	1	31	2	0	0	1	3	1	2	3	2	207	2	1	0	1	0	2	3	22	38	3	5	3	3	5	0	5	1	4	1	0	4	1	3	0	1	1	0	2	1	3	0	1	1	1	1	1	0	2	1	4	2	12	3	2	0	0	1	2	0	0	1	0	0	0	0	0	0	1	0	1	0	0	0	0	0	0	1	0	0	0	0	0	0	1	0	1	0	0	0	0	0	0	0	0	0	0	0	0	1	0	1	0	0	0	0	0	0	0	0	0	0	0	1	0	1
"A.gracilis.SWE.1"	621	3	56	87	19	7	273	26	36	8	61	9	33	1	45	1	4	3	1	33	4	2	17	1	24	0	0	0	2	10	1	5	3	1	246	2	1	1	1	2	4	12	26	35	2	6	0	1	13	0	1	2	8	0	0	10	3	4	0	2	0	0	2	1	2	0	2	0	1	1	1	1	4	1	1	2	23	0	2	2	0	1	0	2	1	0	4	1	0	2	0	0	0	0	1	0	0	0	0	0	0	0	0	2	1	0	0	0	0	0	0	0	2	0	1	2	0	0	1	0	0	1	0	1	1	1	0	1	0	0	1	0	1	0	0	0	1	1	0	0
"A.gracilis.SWE.2"	689	3	67	93	19	6	300	37	50	8	57	11	34	1	51	2	5	6	1	33	5	1	20	1	27	1	0	0	3	11	1	3	3	2	275	2	2	0	1	2	2	10	37	49	3	5	0	2	14	0	0	2	4	0	1	7	3	4	0	2	0	0	4	1	1	0	2	0	1	1	1	1	6	2	1	4	21	0	1	2	0	1	0	2	1	0	3	1	1	2	0	0	0	0	1	0	0	0	0	0	0	0	0	2	1	0	0	0	0	0	0	0	1	0	1	3	0	0	1	0	0	2	0	1	0	1	0	1	0	0	1	0	1	0	1	1	1	1	0	0
"A.gracilis.SWE.3"	418	2	30	58	14	5	182	25	23	6	42	6	24	0	25	0	3	1	0	22	2	2	8	2	17	0	0	0	1	9	0	4	1	0	164	2	1	0	2	0	2	7	25	22	2	4	0	2	11	0	1	2	3	0	0	6	1	4	0	1	0	0	1	1	1	0	1	0	2	1	1	1	4	0	1	2	15	0	2	1	0	1	0	2	1	0	4	1	1	2	0	0	0	0	1	0	0	0	0	0	0	0	0	1	0	0	0	0	0	0	0	0	0	0	1	0	0	0	1	0	0	0	0	0	0	1	0	0	0	0	2	0	0	0	0	0	1	1	0	0
"R.gothica.GOT.1"	1152	2	94	164	16	8	596	36	58	13	115	7	34	0	63	1	11	6	1	51	3	5	34	4	55	1	0	1	2	7	2	2	6	5	561	4	2	2	1	1	2	16	36	58	2	9	2	6	11	1	2	3	9	1	2	13	9	8	1	3	4	0	2	1	5	2	4	1	1	15	1	0	4	1	4	3	18	2	2	1	0	5	2	0	0	4	2	0	0	0	1	0	1	0	0	0	0	1	2	0	0	2	0	1	0	0	1	1	1	1	0	1	0	0	0	2	0	0	0	0	0	2	0	1	1	0	0	1	0	0	0	0	1	0	0	1	1	1	0	1
"R.gothica.GOT.2"	1010	1	78	161	13	6	512	35	52	14	97	6	28	0	49	2	10	5	1	44	4	7	32	3	59	1	0	1	2	6	1	1	5	4	476	4	2	1	1	1	2	19	35	52	2	10	2	5	10	1	2	4	5	1	0	13	7	4	1	3	1	1	3	1	3	1	4	2	3	11	1	0	2	3	3	3	18	0	1	1	0	3	2	0	0	2	1	0	0	0	1	0	1	0	0	0	0	1	0	0	0	2	0	2	0	0	1	1	1	0	1	0	0	0	0	2	0	0	0	0	0	2	0	1	1	0	0	0	0	0	0	0	1	1	0	0	1	1	0	0
"R.gothica.GOT.3"	1049	1	79	169	13	6	538	35	54	12	99	6	28	0	52	1	11	4	1	47	4	7	34	5	60	1	0	1	2	4	1	3	5	4	504	3	1	2	1	1	3	17	35	54	3	8	1	6	12	1	2	3	5	0	1	12	7	5	1	3	2	1	3	1	4	1	4	1	3	11	1	1	2	2	4	3	17	0	1	1	0	5	2	0	0	4	1	0	0	0	1	0	1	0	0	0	0	1	0	0	0	2	0	2	0	0	1	1	1	0	1	0	0	0	0	2	0	0	0	0	0	2	0	1	1	0	0	0	0	0	0	0	1	0	0	0	1	1	0	0
"M.fragrans.GOT.1"	422	0	38	56	6	3	173	23	43	8	39	6	24	0	26	1	5	3	0	18	3	2	18	1	10	1	0	0	1	2	1	1	2	1	152	2	2	1	1	1	6	5	23	43	0	8	0	1	10	0	0	0	3	1	0	3	3	2	0	2	2	0	2	1	4	0	3	0	2	0	1	1	2	2	1	3	12	0	1	3	0	1	1	0	0	0	1	0	0	0	1	0	1	0	0	0	0	0	0	0	0	0	0	0	0	0	0	0	0	0	1	0	0	0	0	1	0	0	0	0	0	0	0	1	0	0	0	0	0	0	0	0	0	0	0	0	3	1	0	0
"M.fragrans.GOT.2"	433	2	42	55	8	4	187	18	36	10	37	7	23	1	32	1	4	3	0	18	2	2	17	1	11	1	0	1	2	2	1	1	3	1	165	3	2	0	1	0	4	9	18	36	1	8	1	1	6	0	1	0	6	1	0	2	2	2	0	2	2	0	1	1	2	0	2	1	2	0	1	1	3	2	1	2	13	0	0	2	0	2	1	1	0	2	1	0	0	1	0	0	1	0	0	0	0	0	0	0	0	0	0	0	0	0	1	0	0	0	1	0	0	0	1	1	0	0	0	0	0	0	0	1	0	0	0	0	0	0	1	0	0	0	0	0	3	1	0	0
"M.fragrans.GOT.3"	443	3	44	57	7	4	192	21	40	9	36	8	20	1	34	0	5	3	0	17	3	1	16	1	16	1	0	0	1	2	0	3	3	2	168	2	2	0	1	0	6	8	21	40	1	8	0	1	5	0	0	0	5	0	0	3	2	2	0	1	2	0	2	1	3	0	2	0	2	1	1	1	5	1	1	2	10	0	0	2	0	0	1	1	0	0	1	1	0	1	1	0	0	0	0	1	0	0	0	0	0	0	0	0	0	0	1	0	0	0	1	0	0	0	1	1	0	0	0	0	0	0	0	1	0	0	0	0	0	0	0	0	0	1	0	0	3	1	0	0
"R.hemisphaerica.GOT.1"	630	3	54	93	12	7	255	34	42	9	64	10	44	1	41	1	6	4	0	35	5	3	21	1	21	0	0	0	3	4	1	4	4	3	224	3	1	1	1	1	5	9	34	42	1	8	0	5	9	0	1	0	10	0	0	5	4	3	0	3	0	0	1	1	3	0	3	0	1	6	1	1	3	1	2	2	32	1	1	1	0	1	1	1	1	0	3	1	1	3	1	1	0	0	0	1	0	0	0	0	0	0	1	1	1	1	1	0	0	0	1	0	4	0	1	1	0	0	0	0	0	0	1	1	0	0	0	0	0	0	1	0	0	0	1	0	2	1	0	0
"R.hemisphaerica.GOT.2"	683	3	58	93	13	6	286	41	45	9	68	11	45	1	43	2	5	6	0	29	6	3	24	1	25	0	0	0	3	5	1	4	3	3	250	3	2	1	2	3	7	9	41	45	1	8	0	4	9	0	0	2	10	0	0	6	3	4	0	4	1	0	1	1	3	0	3	0	3	7	1	1	3	2	1	2	32	1	2	1	0	2	0	1	1	0	3	1	1	3	0	1	0	0	0	1	0	0	0	0	1	0	1	0	1	1	0	0	0	0	0	0	4	0	1	3	0	0	0	0	0	2	1	1	0	0	0	0	0	0	1	0	0	0	1	1	2	1	0	0
"R.hemisphaerica.GOT.3"	700	3	55	105	14	7	288	37	42	8	73	13	50	1	42	1	6	5	0	39	5	4	23	1	27	0	0	0	4	5	1	4	3	3	253	3	2	1	1	2	7	10	37	42	0	8	0	4	11	0	1	3	12	0	1	7	2	3	0	4	0	0	1	1	3	0	3	0	2	6	1	1	6	0	3	2	35	1	1	1	0	2	0	1	1	0	4	1	1	3	0	1	0	0	0	1	0	0	0	0	1	0	1	1	1	1	0	0	0	0	0	0	5	0	1	3	0	0	0	0	0	2	1	1	0	0	0	0	0	0	2	0	0	0	1	1	2	1	0	1
"A.hyalina.GOT.1"	538	5	49	83	14	3	236	20	44	7	37	8	29	1	37	2	4	2	2	27	4	2	20	3	22	1	0	0	3	6	1	3	2	1	210	2	2	1	1	0	3	13	20	43	1	6	0	3	5	1	0	1	7	0	0	1	0	2	1	3	0	0	1	1	1	0	2	0	3	1	1	2	3	1	1	2	20	0	1	1	0	0	0	2	0	0	1	1	0	2	0	0	0	0	0	1	0	0	0	0	0	0	0	0	1	0	0	0	0	0	0	0	1	0	1	3	1	0	0	0	1	1	0	1	0	1	0	0	0	0	0	0	1	0	0	1	0	1	0	1
"A.hyalina.GOT.2"	526	3	50	85	14	4	224	27	38	7	35	10	26	1	37	2	3	3	1	29	4	4	18	4	20	1	0	0	4	6	1	2	3	1	198	2	1	1	1	1	5	12	27	37	1	6	0	2	5	1	0	2	4	0	0	2	1	2	0	3	1	0	1	1	1	0	1	0	3	1	1	1	5	2	1	2	18	0	1	1	0	0	0	1	0	0	1	1	0	1	0	0	0	0	0	1	0	0	0	0	0	1	0	0	0	1	0	0	0	0	0	0	1	0	1	3	0	0	0	0	1	1	0	1	0	1	0	0	0	0	0	0	1	0	0	1	0	1	0	0
"A.hyalina.GOT.3"	483	3	47	76	12	3	206	23	40	6	34	8	22	1	35	2	3	3	1	27	4	2	17	4	17	1	0	0	3	5	0	3	2	1	181	3	1	1	1	0	5	11	23	39	1	5	0	1	8	1	0	1	5	0	0	2	0	2	0	2	0	0	0	1	1	0	3	0	3	1	1	1	4	1	1	2	15	0	1	1	0	0	0	1	0	0	1	1	0	1	0	0	0	0	0	1	0	0	0	0	0	0	0	0	0	0	0	0	0	0	0	0	1	0	1	3	0	0	0	0	1	1	0	0	0	1	0	0	0	0	1	0	1	0	0	0	0	1	0	0
